game_id,period,minute,second,expanded_minute,type,outcome_type,team_id,team,player_id,player,x,y,end_x,end_y,goal_mouth_y,goal_mouth_z,blocked_x,blocked_y,qualifiers,is_touch,is_shot,is_goal,card_type,related_event_id,related_player_id,match_id,data_source,pass_length,is_longball,is_header,is_cross,is_through_ball,shot_body_part,is_assist,field_zone,is_successful,event_type,possession_sequence,next_player,distance_to_goal,pass_distance,event_id,take_ons_in_carry,xthreat,xthreat_gen,is_pre_assist,possession_id,possession_team,is_progressive,is_box_entry,pass_outcome,action_type,zone_id,xg,match_date,opponent,arsenal_venue,match_id_ws,match_id_us,match_number
1903125,FirstHalf,5.0,45.0,5,SavedShot,Successful,32,Man Utd,353377.0,Bryan Mbeumo,87.0,37.6,,,46.6,8.9,97.8,46.8,"[{'type': {'displayName': 'GoalMouthZ', 'value': 103}, 'value': '8.9'}, {'type': {'displayName': 'Assisted', 'value': 29}}, {'type': {'displayName': 'RegularPlay', 'value': 22}}, {'type': {'displayName': 'RelatedEventId', 'value': 55}, 'value': '71'}, {'type': {'displayName': 'GoalMouthY', 'value': 102}, 'value': '46.6'}, {'type': {'displayName': 'BlockedY', 'value': 147}, 'value': '46.8'}, {'type': {'displayName': 'BlockedX', 'value': 146}, 'value': '97.8'}, {'type': {'displayName': 'OppositeRelatedEvent', 'value': 233}, 'value': '46'}, {'type': {'displayName': 'RightFoot', 'value': 20}}, {'type': {'displayName': 'Zone', 'value': 56}, 'value': 'Center'}, {'type': {'displayName': 'IndividualPlay', 'value': 215}}, {'type': {'displayName': 'BoxCentre', 'value': 17}}, {'type': {'displayName': 'LowRight', 'value': 80}}]",True,True,,,71.0,343346.0,1903125,whoscored,,False,False,False,False,,False,Attacking_Center,True,SavedShot,49,,17.97,,,,0.0,0.0,False,53,Man Utd,False,False,,Neutral,17,0.0,2025-08-17 15:30:00,Manchester United,Away,1903125.0,28786,1
1903125,FirstHalf,7.0,20.0,7,MissedShots,Successful,32,Man Utd,495260.0,Patrick Dorgu,67.9,51.7,,,34.5,16.7,,,"[{'type': {'displayName': 'MissRight', 'value': 75}}, {'type': {'displayName': 'LeftFoot', 'value': 72}}, {'type': {'displayName': 'IndividualPlay', 'value': 215}}, {'type': {'displayName': 'GoalMouthY', 'value': 102}, 'value': '34.5'}, {'type': {'displayName': 'SetPiece', 'value': 24}}, {'type': {'displayName': 'Assisted', 'value': 29}}, {'type': {'displayName': 'RelatedEventId', 'value': 55}, 'value': '83'}, {'type': {'displayName': 'OutOfBoxCentre', 'value': 18}}, {'type': {'displayName': 'Zone', 'value': 56}, 'value': 'Center'}, {'type': {'displayName': 'GoalMouthZ', 'value': 103}, 'value': '16.7'}]",True,True,,,83.0,123761.0,1903125,whoscored,,False,False,False,False,,False,Attacking_Center,True,MissedShots,57,,32.14,,,,0.0,0.0,False,61,Man Utd,False,False,,Neutral,14,0.0,2025-08-17 15:30:00,Manchester United,Away,1903125.0,28786,1
1903125,FirstHalf,16.0,45.0,16,SavedShot,Successful,32,Man Utd,123761.0,Bruno Fernandes,81.0,37.3,,,52.0,19.0,88.8,43.3,"[{'type': {'displayName': 'GoalMouthZ', 'value': 103}, 'value': '19'}, {'type': {'displayName': 'LowLeft', 'value': 76}}, {'type': {'displayName': 'OutOfBoxCentre', 'value': 18}}, {'type': {'displayName': 'BlockedY', 'value': 147}, 'value': '43.3'}, {'type': {'displayName': 'RightFoot', 'value': 20}}, {'type': {'displayName': 'OppositeRelatedEvent', 'value': 233}, 'value': '106'}, {'type': {'displayName': 'Blocked', 'value': 82}}, {'type': {'displayName': 'DirectFreekick', 'value': 26}}, {'type': {'displayName': 'GoalMouthY', 'value': 102}, 'value': '52.0'}, {'type': {'displayName': 'Zone', 'value': 56}, 'value': 'Center'}, {'type': {'displayName': 'BlockedX', 'value': 146}, 'value': '88.8'}]",True,True,,,,,1903125,whoscored,,False,False,False,False,,False,Attacking_Center,True,SavedShot,109,,22.85,,,,0.0,0.0,False,113,Man Utd,False,False,,Neutral,14,0.0,2025-08-17 15:30:00,Manchester United,Away,1903125.0,28786,1
1903125,FirstHalf,24.0,15.0,24,SavedShot,Successful,32,Man Utd,353377.0,Bryan Mbeumo,82.4,38.3,,,50.0,19.0,86.2,40.8,"[{'type': {'displayName': 'Assisted', 'value': 29}}, {'type': {'displayName': 'OppositeRelatedEvent', 'value': 233}, 'value': '183'}, {'type': {'displayName': 'BlockedX', 'value': 146}, 'value': '86.2'}, {'type': {'displayName': 'Blocked', 'value': 82}}, {'type': {'displayName': 'GoalMouthY', 'value': 102}, 'value': '50.0'}, {'type': {'displayName': 'LeftFoot', 'value': 72}}, {'type': {'displayName': 'LowCentre', 'value': 78}}, {'type': {'displayName': 'RelatedEventId', 'value': 55}, 'value': '210'}, {'type': {'displayName': 'OutOfBoxCentre', 'value': 18}}, {'type': {'displayName': 'FastBreak', 'value': 23}}, {'type': {'displayName': 'GoalMouthZ', 'value': 103}, 'value': '19'}, {'type': {'displayName': 'BlockedY', 'value': 147}, 'value': '40.8'}, {'type': {'displayName': 'IndividualPlay', 'value': 215}}, {'type': {'displayName': 'Zone', 'value': 56}, 'value': 'Center'}]",True,True,,,210.0,88526.0,1903125,whoscored,,False,False,False,False,,False,Attacking_Center,True,SavedShot,153,,21.13,,,,0.0,0.0,False,157,Man Utd,False,False,,Neutral,14,0.0,2025-08-17 15:30:00,Manchester United,Away,1903125.0,28786,1
1903125,FirstHalf,29.0,33.0,29,ShotOnPost,Successful,32,Man Utd,495260.0,Patrick Dorgu,79.3,72.8,,,44.7,7.6,,,"[{'type': {'displayName': 'OutOfBoxCentre', 'value': 18}}, {'type': {'displayName': 'LeftFoot', 'value': 72}}, {'type': {'displayName': 'MissRight', 'value': 75}}, {'type': {'displayName': 'IndividualPlay', 'value': 215}}, {'type': {'displayName': 'Zone', 'value': 56}, 'value': 'Center'}, {'type': {'displayName': 'GoalMouthZ', 'value': 103}, 'value': '7.6'}, {'type': {'displayName': 'Assisted', 'value': 29}}, {'type': {'displayName': 'FastBreak', 'value': 23}}, {'type': {'displayName': 'GoalMouthY', 'value': 102}, 'value': '44.7'}, {'type': {'displayName': 'RelatedEventId', 'value': 55}, 'value': '252'}]",True,True,,,252.0,123761.0,1903125,whoscored,,False,False,False,False,,False,Attacking_Right,True,ShotOnPost,187,,30.79,,,,0.0,0.0,False,191,Man Utd,False,False,,Neutral,15,0.0,2025-08-17 15:30:00,Manchester United,Away,1903125.0,28786,1
1903125,FirstHalf,32.0,5.0,32,SavedShot,Successful,32,Man Utd,362758.0,Matheus Cunha,83.1,37.0,,,51.3,1.9,98.4,48.7,"[{'type': {'displayName': 'IndividualPlay', 'value': 215}}, {'type': {'displayName': 'Zone', 'value': 56}, 'value': 'Center'}, {'type': {'displayName': 'RelatedEventId', 'value': 55}, 'value': '285'}, {'type': {'displayName': 'FastBreak', 'value': 23}}, {'type': {'displayName': 'LowCentre', 'value': 78}}, {'type': {'displayName': 'GoalMouthZ', 'value': 103}, 'value': '1.9'}, {'type': {'displayName': 'OppositeRelatedEvent', 'value': 233}, 'value': '236'}, {'type': {'displayName': 'BlockedY', 'value': 147}, 'value': '48.7'}, {'type': {'displayName': 'BlockedX', 'value': 146}, 'value': '98.4'}, {'type': {'displayName': 'BoxCentre', 'value': 17}}, {'type': {'displayName': 'RightFoot', 'value': 20}}, {'type': {'displayName': 'Assisted', 'value': 29}}, {'type': {'displayName': 'GoalMouthY', 'value': 102}, 'value': '51.3'}]",True,True,,,285.0,353418.0,1903125,whoscored,,False,False,False,False,,False,Attacking_Center,True,SavedShot,203,,21.32,,,,0.0,0.0,False,207,Man Utd,False,False,,Neutral,14,0.0,2025-08-17 15:30:00,Manchester United,Away,1903125.0,28786,1
1903125,FirstHalf,33.0,26.0,33,SavedShot,Successful,32,Man Utd,362758.0,Matheus Cunha,74.9,56.0,,,49.7,10.1,98.0,50.5,"[{'type': {'displayName': 'GoalMouthY', 'value': 102}, 'value': '49.7'}, {'type': {'displayName': 'RelatedEventId', 'value': 55}, 'value': '294'}, {'type': {'displayName': 'RegularPlay', 'value': 22}}, {'type': {'displayName': 'OutOfBoxCentre', 'value': 18}}, {'type': {'displayName': 'BlockedY', 'value': 147}, 'value': '50.5'}, {'type': {'displayName': 'Assisted', 'value': 29}}, {'type': {'displayName': 'GoalMouthZ', 'value': 103}, 'value': '10.1'}, {'type': {'displayName': 'Zone', 'value': 56}, 'value': 'Center'}, {'type': {'displayName': 'OppositeRelatedEvent', 'value': 233}, 'value': '247'}, {'type': {'displayName': 'IndividualPlay', 'value': 215}}, {'type': {'displayName': 'LowCentre', 'value': 78}}, {'type': {'displayName': 'BlockedX', 'value': 146}, 'value': '98.0'}, {'type': {'displayName': 'RightFoot', 'value': 20}}]",True,True,,,294.0,353377.0,1903125,whoscored,,False,False,False,False,,False,Attacking_Center,True,SavedShot,205,,25.81,,,,0.0,0.0,False,209,Man Utd,False,False,,Neutral,14,0.0,2025-08-17 15:30:00,Manchester United,Away,1903125.0,28786,1
1903125,FirstHalf,37.0,29.0,37,SavedShot,Successful,32,Man Utd,362758.0,Matheus Cunha,95.7,66.0,,,49.3,5.1,99.3,54.9,"[{'type': {'displayName': 'GoalMouthZ', 'value': 103}, 'value': '5.1'}, {'type': {'displayName': 'LowCentre', 'value': 78}}, {'type': {'displayName': 'GoalMouthY', 'value': 102}, 'value': '49.3'}, {'type': {'displayName': 'RegularPlay', 'value': 22}}, {'type': {'displayName': 'IndividualPlay', 'value': 215}}, {'type': {'displayName': 'Zone', 'value': 56}, 'value': 'Center'}, {'type': {'displayName': 'BlockedY', 'value': 147}, 'value': '54.9'}, {'type': {'displayName': 'RelatedEventId', 'value': 55}, 'value': '335'}, {'type': {'displayName': 'OppositeRelatedEvent', 'value': 233}, 'value': '281'}, {'type': {'displayName': 'LeftFoot', 'value': 72}}, {'type': {'displayName': 'Assisted', 'value': 29}}, {'type': {'displayName': 'DeepBoxLeft', 'value': 65}}, {'type': {'displayName': 'BlockedX', 'value': 146}, 'value': '99.3'}]",True,True,,,335.0,343346.0,1903125,whoscored,,False,False,False,False,,False,Attacking_Center,True,SavedShot,233,,16.57,,,,0.0,0.0,False,237,Man Utd,False,False,,Neutral,17,0.0,2025-08-17 15:30:00,Manchester United,Away,1903125.0,28786,1
1903125,FirstHalf,37.0,49.0,37,SavedShot,Successful,32,Man Utd,123761.0,Bruno Fernandes,85.0,56.6,,,48.8,19.0,85.8,56.1,"[{'type': {'displayName': 'BlockedX', 'value': 146}, 'value': '85.8'}, {'type': {'displayName': 'BoxCentre', 'value': 17}}, {'type': {'displayName': 'Blocked', 'value': 82}}, {'type': {'displayName': 'Zone', 'value': 56}, 'value': 'Center'}, {'type': {'displayName': 'OppositeRelatedEvent', 'value': 233}, 'value': '286'}, {'type': {'displayName': 'LeftFoot', 'value': 72}}, {'type': {'displayName': 'GoalMouthY', 'value': 102}, 'value': '48.8'}, {'type': {'displayName': 'BlockedY', 'value': 147}, 'value': '56.1'}, {'type': {'displayName': 'IndividualPlay', 'value': 215}}, {'type': {'displayName': 'GoalMouthZ', 'value': 103}, 'value': '19'}, {'type': {'displayName': 'RegularPlay', 'value': 22}}, {'type': {'displayName': 'LowCentre', 'value': 78}}]",True,True,,,,,1903125,whoscored,,False,False,False,False,,False,Attacking_Center,True,SavedShot,237,,16.39,,,,0.0,0.0,False,241,Man Utd,False,False,,Neutral,17,0.0,2025-08-17 15:30:00,Manchester United,Away,1903125.0,28786,1
1903125,FirstHalf,43.0,13.0,43,SavedShot,Successful,32,Man Utd,343346.0,Mason Mount,86.7,62.5,,,48.9,19.0,88.0,61.2,"[{'type': {'displayName': 'BlockedX', 'value': 146}, 'value': '88.0'}, {'type': {'displayName': 'Assisted', 'value': 29}}, {'type': {'displayName': 'Blocked', 'value': 82}}, {'type': {'displayName': 'Zone', 'value': 56}, 'value': 'Center'}, {'type': {'displayName': 'OppositeRelatedEvent', 'value': 233}, 'value': '342'}, {'type': {'displayName': 'LowCentre', 'value': 78}}, {'type': {'displayName': 'RightFoot', 'value': 20}}, {'type': {'displayName': 'BlockedY', 'value': 147}, 'value': '61.2'}, {'type': {'displayName': 'GoalMouthY', 'value': 102}, 'value': '48.9'}, {'type': {'displayName': 'RegularPlay', 'value': 22}}, {'type': {'displayName': 'RelatedEventId', 'value': 55}, 'value': '379'}, {'type': {'displayName': 'IntentionalAssist', 'value': 154}}, {'type': {'displayName': 'GoalMouthZ', 'value': 103}, 'value': '19'}, {'type': {'displayName': 'BoxCentre', 'value': 17}}]",True,True,,,379.0,362758.0,1903125,whoscored,,False,False,False,False,,False,Attacking_Center,True,SavedShot,271,,18.25,,,,0.0,0.0,False,275,Man Utd,False,False,,Neutral,17,0.0,2025-08-17 15:30:00,Manchester United,Away,1903125.0,28786,1
1903125,SecondHalf,48.0,15.0,50,SavedShot,Successful,32,Man Utd,343346.0,Mason Mount,86.8,64.4,,,49.5,19.0,93.3,56.9,"[{'type': {'displayName': 'Zone', 'value': 56}, 'value': 'Center'}, {'type': {'displayName': 'IntentionalAssist', 'value': 154}}, {'type': {'displayName': 'BlockedY', 'value': 147}, 'value': '56.9'}, {'type': {'displayName': 'LowCentre', 'value': 78}}, {'type': {'displayName': 'RegularPlay', 'value': 22}}, {'type': {'displayName': 'Blocked', 'value': 82}}, {'type': {'displayName': 'OppositeRelatedEvent', 'value': 233}, 'value': '388'}, {'type': {'displayName': 'Assisted', 'value': 29}}, {'type': {'displayName': 'FirstTouch', 'value': 328}}, {'type': {'displayName': 'LeftFoot', 'value': 72}}, {'type': {'displayName': 'BoxLeft', 'value': 64}}, {'type': {'displayName': 'GoalMouthZ', 'value': 103}, 'value': '19'}, {'type': {'displayName': 'BlockedX', 'value': 146}, 'value': '93.3'}, {'type': {'displayName': 'RelatedEventId', 'value': 55}, 'value': '447'}, {'type': {'displayName': 'GoalMouthY', 'value': 102}, 'value': '49.5'}]",True,True,,,447.0,118244.0,1903125,whoscored,,False,False,False,False,,False,Attacking_Center,True,SavedShot,309,,19.53,,,,0.0,0.0,False,319,Man Utd,False,False,,Neutral,17,0.0,2025-08-17 15:30:00,Manchester United,Away,1903125.0,28786,1
1903125,SecondHalf,68.0,32.0,70,SavedShot,Successful,32,Man Utd,353377.0,Bryan Mbeumo,90.1,44.7,,,50.9,19.0,91.4,45.5,"[{'type': {'displayName': 'RightFoot', 'value': 20}}, {'type': {'displayName': 'Zone', 'value': 56}, 'value': 'Center'}, {'type': {'displayName': 'FirstTouch', 'value': 328}}, {'type': {'displayName': 'BlockedY', 'value': 147}, 'value': '45.5'}, {'type': {'displayName': 'BoxCentre', 'value': 17}}, {'type': {'displayName': 'LowCentre', 'value': 78}}, {'type': {'displayName': 'GoalMouthY', 'value': 102}, 'value': '50.9'}, {'type': {'displayName': 'RegularPlay', 'value': 22}}, {'type': {'displayName': 'OppositeRelatedEvent', 'value': 233}, 'value': '529'}, {'type': {'displayName': 'BlockedX', 'value': 146}, 'value': '91.4'}, {'type': {'displayName': 'Blocked', 'value': 82}}, {'type': {'displayName': 'GoalMouthZ', 'value': 103}, 'value': '19'}]",True,True,,,,,1903125,whoscored,,False,False,False,False,,False,Attacking_Center,True,SavedShot,423,,11.23,,,,0.0,0.0,False,433,Man Utd,False,False,,Neutral,17,0.0,2025-08-17 15:30:00,Manchester United,Away,1903125.0,28786,1
1903125,SecondHalf,68.0,42.0,70,MissedShots,Successful,32,Man Utd,353377.0,Bryan Mbeumo,88.6,51.3,,,61.3,16.7,,,"[{'type': {'displayName': 'IndividualPlay', 'value': 215}}, {'type': {'displayName': 'MissLeft', 'value': 73}}, {'type': {'displayName': 'RegularPlay', 'value': 22}}, {'type': {'displayName': 'RightFoot', 'value': 20}}, {'type': {'displayName': 'FirstTouch', 'value': 328}}, {'type': {'displayName': 'GoalMouthY', 'value': 102}, 'value': '61.3'}, {'type': {'displayName': 'RelatedEventId', 'value': 55}, 'value': '663'}, {'type': {'displayName': 'GoalMouthZ', 'value': 103}, 'value': '16.7'}, {'type': {'displayName': 'IntentionalAssist', 'value': 154}}, {'type': {'displayName': 'BoxCentre', 'value': 17}}, {'type': {'displayName': 'Zone', 'value': 56}, 'value': 'Center'}, {'type': {'displayName': 'Volley', 'value': 108}}, {'type': {'displayName': 'Assisted', 'value': 29}}]",True,True,,,663.0,123761.0,1903125,whoscored,,False,False,False,False,,False,Attacking_Center,True,MissedShots,425,,11.47,,,,0.0,0.0,False,435,Man Utd,False,False,,Neutral,17,0.0,2025-08-17 15:30:00,Manchester United,Away,1903125.0,28786,1
1903125,SecondHalf,72.0,57.0,74,SavedShot,Successful,32,Man Utd,353377.0,Bryan Mbeumo,90.3,46.4,,,47.5,16.5,98.6,49.6,"[{'type': {'displayName': 'BoxCentre', 'value': 17}}, {'type': {'displayName': 'RegularPlay', 'value': 22}}, {'type': {'displayName': 'OppositeRelatedEvent', 'value': 233}, 'value': '555'}, {'type': {'displayName': 'BlockedY', 'value': 147}, 'value': '49.6'}, {'type': {'displayName': 'BlockedX', 'value': 146}, 'value': '98.6'}, {'type': {'displayName': 'GoalMouthY', 'value': 102}, 'value': '47.5'}, {'type': {'displayName': 'Head', 'value': 15}}, {'type': {'displayName': 'FirstTouch', 'value': 328}}, {'type': {'displayName': 'Zone', 'value': 56}, 'value': 'Center'}, {'type': {'displayName': 'GoalMouthZ', 'value': 103}, 'value': '16.5'}, {'type': {'displayName': 'LowRight', 'value': 80}}]",True,True,,,,,1903125,whoscored,,False,False,False,False,Head,False,Attacking_Center,True,SavedShot,443,,10.35,,,,0.0,0.0,False,453,Man Utd,False,False,,Neutral,17,0.0,2025-08-17 15:30:00,Manchester United,Away,1903125.0,28786,1
1903125,SecondHalf,73.0,6.0,75,MissedShots,Successful,32,Man Utd,424191.0,Benjamin Sesko,89.6,46.8,,,62.9,11.1,,,"[{'type': {'displayName': 'GoalMouthZ', 'value': 103}, 'value': '11.1'}, {'type': {'displayName': 'MissLeft', 'value': 73}}, {'type': {'displayName': 'RelatedEventId', 'value': 55}, 'value': '688'}, {'type': {'displayName': 'RegularPlay', 'value': 22}}, {'type': {'displayName': 'Head', 'value': 15}}, {'type': {'displayName': 'FirstTouch', 'value': 328}}, {'type': {'displayName': 'Zone', 'value': 56}, 'value': 'Center'}, {'type': {'displayName': 'IntentionalAssist', 'value': 154}}, {'type': {'displayName': 'Assisted', 'value': 29}}, {'type': {'displayName': 'GoalMouthY', 'value': 102}, 'value': '62.9'}, {'type': {'displayName': 'BoxCentre', 'value': 17}}]",True,True,,,688.0,123761.0,1903125,whoscored,,False,False,False,False,Head,False,Attacking_Center,True,MissedShots,445,,10.88,,,,0.0,0.0,False,455,Man Utd,False,False,,Neutral,17,0.0,2025-08-17 15:30:00,Manchester United,Away,1903125.0,28786,1
1903125,SecondHalf,76.0,45.0,78,SavedShot,Successful,32,Man Utd,386634.0,Amad Diallo,82.1,25.8,,,48.7,6.3,98.2,46.8,"[{'type': {'displayName': 'LeftFoot', 'value': 72}}, {'type': {'displayName': 'OutOfBoxCentre', 'value': 18}}, {'type': {'displayName': 'RelatedEventId', 'value': 55}, 'value': '714'}, {'type': {'displayName': 'GoalMouthZ', 'value': 103}, 'value': '6.3'}, {'type': {'displayName': 'IndividualPlay', 'value': 215}}, {'type': {'displayName': 'OppositeRelatedEvent', 'value': 233}, 'value': '585'}, {'type': {'displayName': 'Zone', 'value': 56}, 'value': 'Center'}, {'type': {'displayName': 'LowCentre', 'value': 78}}, {'type': {'displayName': 'RegularPlay', 'value': 22}}, {'type': {'displayName': 'BlockedX', 'value': 146}, 'value': '98.2'}, {'type': {'displayName': 'GoalMouthY', 'value': 102}, 'value': '48.7'}, {'type': {'displayName': 'BlockedY', 'value': 147}, 'value': '46.8'}, {'type': {'displayName': 'Assisted', 'value': 29}}]",True,True,,,714.0,408962.0,1903125,whoscored,,False,False,False,False,,False,Attacking_Left,True,SavedShot,467,,30.1,,,,0.0,0.0,False,477,Man Utd,False,False,,Neutral,13,0.0,2025-08-17 15:30:00,Manchester United,Away,1903125.0,28786,1
1903125,SecondHalf,87.0,7.0,89,MissedShots,Successful,32,Man Utd,408962.0,Manuel Ugarte,72.2,53.4,,,35.6,47.2,,,"[{'type': {'displayName': 'HighRight', 'value': 81}}, {'type': {'displayName': 'RegularPlay', 'value': 22}}, {'type': {'displayName': 'GoalMouthY', 'value': 102}, 'value': '35.6'}, {'type': {'displayName': 'IndividualPlay', 'value': 215}}, {'type': {'displayName': 'Assisted', 'value': 29}}, {'type': {'displayName': 'RightFoot', 'value': 20}}, {'type': {'displayName': 'OutOfBoxCentre', 'value': 18}}, {'type': {'displayName': 'GoalMouthZ', 'value': 103}, 'value': '47.2'}, {'type': {'displayName': 'Zone', 'value': 56}, 'value': 'Center'}, {'type': {'displayName': 'RelatedEventId', 'value': 55}, 'value': '807'}]",True,True,,,807.0,424191.0,1903125,whoscored,,False,False,False,False,,False,Attacking_Center,True,MissedShots,515,,28.01,,,,0.0,0.0,False,525,Man Utd,False,False,,Neutral,14,0.0,2025-08-17 15:30:00,Manchester United,Away,1903125.0,28786,1
1903125,SecondHalf,88.0,15.0,90,MissedShots,Successful,32,Man Utd,320374.0,Matthijs de Ligt,90.5,31.8,,,76.1,12.5,93.4,46.4,"[{'type': {'displayName': 'Zone', 'value': 56}, 'value': 'Center'}, {'type': {'displayName': 'LeftFoot', 'value': 72}}, {'type': {'displayName': 'RelatedEventId', 'value': 55}, 'value': '820'}, {'type': {'displayName': 'Assisted', 'value': 29}}, {'type': {'displayName': 'BlockedY', 'value': 147}, 'value': '46.4'}, {'type': {'displayName': 'GoalMouthZ', 'value': 103}, 'value': '12.5'}, {'type': {'displayName': 'BlockedX', 'value': 146}, 'value': '93.4'}, {'type': {'displayName': 'GoalMouthY', 'value': 102}, 'value': '76.1'}, {'type': {'displayName': 'RegularPlay', 'value': 22}}, {'type': {'displayName': 'BoxRight', 'value': 63}}, {'type': {'displayName': 'MissLeft', 'value': 73}}, {'type': {'displayName': 'IntentionalAssist', 'value': 154}}, {'type': {'displayName': 'KeyPass', 'value': 11113}}]",True,True,,,820.0,386634.0,1903125,whoscored,,False,False,False,False,,True,Attacking_Left,True,MissedShots,523,Matheus Cunha,20.53,,,,0.0,0.0,False,533,Man Utd,False,False,,Neutral,16,0.0,2025-08-17 15:30:00,Manchester United,Away,1903125.0,28786,1
1903125,SecondHalf,88.0,16.0,90,SavedShot,Successful,32,Man Utd,362758.0,Matheus Cunha,93.1,49.3,,,52.5,19.0,93.8,49.6,"[{'type': {'displayName': 'GoalMouthY', 'value': 102}, 'value': '52.5'}, {'type': {'displayName': 'OppositeRelatedEvent', 'value': 233}, 'value': '660'}, {'type': {'displayName': 'RelatedEventId', 'value': 55}, 'value': '821'}, {'type': {'displayName': 'BlockedY', 'value': 147}, 'value': '49.6'}, {'type': {'displayName': 'FirstTouch', 'value': 328}}, {'type': {'displayName': 'RegularPlay', 'value': 22}}, {'type': {'displayName': 'LowLeft', 'value': 76}}, {'type': {'displayName': 'BlockedX', 'value': 146}, 'value': '93.8'}, {'type': {'displayName': 'Zone', 'value': 56}, 'value': 'Center'}, {'type': {'displayName': 'RightFoot', 'value': 20}}, {'type': {'displayName': 'Blocked', 'value': 82}}, {'type': {'displayName': 'Assisted', 'value': 29}}, {'type': {'displayName': 'GoalMouthZ', 'value': 103}, 'value': '19'}, {'type': {'displayName': 'BoxCentre', 'value': 17}}]",True,True,,,821.0,320374.0,1903125,whoscored,,False,False,False,False,,False,Attacking_Center,True,SavedShot,523,,6.94,,,,0.0,0.0,False,533,Man Utd,False,False,,Neutral,17,0.0,2025-08-17 15:30:00,Manchester United,Away,1903125.0,28786,1
1903125,SecondHalf,88.0,37.0,90,SavedShot,Successful,32,Man Utd,320374.0,Matthijs de Ligt,93.3,33.3,,,49.9,19.0,94.2,35.6,"[{'type': {'displayName': 'GoalMouthZ', 'value': 103}, 'value': '19'}, {'type': {'displayName': 'IntentionalAssist', 'value': 154}}, {'type': {'displayName': 'LowCentre', 'value': 78}}, {'type': {'displayName': 'OppositeRelatedEvent', 'value': 233}, 'value': '649'}, {'type': {'displayName': 'BlockedY', 'value': 147}, 'value': '35.6'}, {'type': {'displayName': 'RegularPlay', 'value': 22}}, {'type': {'displayName': 'Assisted', 'value': 29}}, {'type': {'displayName': 'GoalMouthY', 'value': 102}, 'value': '49.9'}, {'type': {'displayName': 'FirstTouch', 'value': 328}}, {'type': {'displayName': 'Blocked', 'value': 82}}, {'type': {'displayName': 'BoxRight', 'value': 63}}, {'type': {'displayName': 'Zone', 'value': 56}, 'value': 'Center'}, {'type': {'displayName': 'BlockedX', 'value': 146}, 'value': '94.2'}, {'type': {'displayName': 'RelatedEventId', 'value': 55}, 'value': '827'}, {'type': {'displayName': 'LeftFoot', 'value': 72}}]",True,True,,,827.0,424191.0,1903125,whoscored,,False,False,False,False,,False,Attacking_Left,True,SavedShot,531,,17.99,,,,0.0,0.0,False,541,Man Utd,False,False,,Neutral,16,0.0,2025-08-17 15:30:00,Manchester United,Away,1903125.0,28786,1
1903125,SecondHalf,89.0,6.0,91,MissedShots,Successful,32,Man Utd,424191.0,Benjamin Sesko,85.6,47.7,,,39.8,44.4,,,"[{'type': {'displayName': 'GoalMouthZ', 'value': 103}, 'value': '44.4'}, {'type': {'displayName': 'Head', 'value': 15}}, {'type': {'displayName': 'IntentionalAssist', 'value': 154}}, {'type': {'displayName': 'RegularPlay', 'value': 22}}, {'type': {'displayName': 'Zone', 'value': 56}, 'value': 'Center'}, {'type': {'displayName': 'RelatedEventId', 'value': 55}, 'value': '833'}, {'type': {'displayName': 'FirstTouch', 'value': 328}}, {'type': {'displayName': 'Assisted', 'value': 29}}, {'type': {'displayName': 'GoalMouthY', 'value': 102}, 'value': '39.8'}, {'type': {'displayName': 'HighRight', 'value': 81}}, {'type': {'displayName': 'BoxCentre', 'value': 17}}]",True,True,,,833.0,123761.0,1903125,whoscored,,False,False,False,False,Head,False,Attacking_Center,True,MissedShots,537,,14.58,,,,0.0,0.0,False,547,Man Utd,False,False,,Neutral,17,0.0,2025-08-17 15:30:00,Manchester United,Away,1903125.0,28786,1
1903125,SecondHalf,95.0,1.0,97,SavedShot,Successful,32,Man Utd,320374.0,Matthijs de Ligt,93.1,50.3,,,50.0,25.3,98.9,50.0,"[{'type': {'displayName': 'HighCentre', 'value': 79}}, {'type': {'displayName': 'BlockedX', 'value': 146}, 'value': '98.9'}, {'type': {'displayName': 'Head', 'value': 15}}, {'type': {'displayName': 'BoxCentre', 'value': 17}}, {'type': {'displayName': 'FromCorner', 'value': 25}}, {'type': {'displayName': 'GoalMouthY', 'value': 102}, 'value': '50.0'}, {'type': {'displayName': 'BlockedY', 'value': 147}, 'value': '50'}, {'type': {'displayName': 'FirstTouch', 'value': 328}}, {'type': {'displayName': 'OppositeRelatedEvent', 'value': 233}, 'value': '691'}, {'type': {'displayName': 'Zone', 'value': 56}, 'value': 'Center'}, {'type': {'displayName': 'GoalMouthZ', 'value': 103}, 'value': '25.3'}]",True,True,,,,,1903125,whoscored,,False,False,False,False,Head,False,Attacking_Center,True,SavedShot,573,,6.91,,,,0.0,0.0,False,583,Man Utd,False,False,,Neutral,17,0.0,2025-08-17 15:30:00,Manchester United,Away,1903125.0,28786,1
1903128,FirstHalf,10.0,53.0,10,SavedShot,Successful,19,Leeds,302313.0,Daniel James,80.3,34.6,,,53.8,6.9,88.6,42.2,"[{'type': {'displayName': 'OutOfBoxCentre', 'value': 18}}, {'type': {'displayName': 'IndividualPlay', 'value': 215}}, {'type': {'displayName': 'Assisted', 'value': 29}}, {'type': {'displayName': 'GoalMouthZ', 'value': 103}, 'value': '6.9'}, {'type': {'displayName': 'Zone', 'value': 56}, 'value': 'Center'}, {'type': {'displayName': 'LowLeft', 'value': 76}}, {'type': {'displayName': 'RelatedEventId', 'value': 55}, 'value': '76'}, {'type': {'displayName': 'BlockedY', 'value': 147}, 'value': '42.2'}, {'type': {'displayName': 'GoalMouthY', 'value': 102}, 'value': '53.8'}, {'type': {'displayName': 'Blocked', 'value': 82}}, {'type': {'displayName': 'RegularPlay', 'value': 22}}, {'type': {'displayName': 'OppositeRelatedEvent', 'value': 233}, 'value': '121'}, {'type': {'displayName': 'LeftFoot', 'value': 72}}, {'type': {'displayName': 'BlockedX', 'value': 146}, 'value': '88.6'}]",True,True,,,76.0,401073.0,1903128,whoscored,,False,False,False,False,,False,Attacking_Center,True,SavedShot,59,,25.0,,,,0.0,0.0,False,63,Leeds,False,False,,Neutral,14,0.024242989718914,2025-08-23 16:30:00,Leeds,Home,1903128.0,28793,2
1903128,FirstHalf,18.0,39.0,18,SavedShot,Successful,19,Leeds,302313.0,Daniel James,85.5,28.4,,,51.2,19.0,88.0,32.3,"[{'type': {'displayName': 'BoxRight', 'value': 63}}, {'type': {'displayName': 'RelatedEventId', 'value': 55}, 'value': '138'}, {'type': {'displayName': 'BlockedY', 'value': 147}, 'value': '32.3'}, {'type': {'displayName': 'RightFoot', 'value': 20}}, {'type': {'displayName': 'RegularPlay', 'value': 22}}, {'type': {'displayName': 'GoalMouthZ', 'value': 103}, 'value': '19'}, {'type': {'displayName': 'Zone', 'value': 56}, 'value': 'Center'}, {'type': {'displayName': 'IntentionalAssist', 'value': 154}}, {'type': {'displayName': 'GoalMouthY', 'value': 102}, 'value': '51.2'}, {'type': {'displayName': 'Assisted', 'value': 29}}, {'type': {'displayName': 'OppositeRelatedEvent', 'value': 233}, 'value': '183'}, {'type': {'displayName': 'BlockedX', 'value': 146}, 'value': '88.0'}, {'type': {'displayName': 'Blocked', 'value': 82}}, {'type': {'displayName': 'LowCentre', 'value': 78}}]",True,True,,,138.0,401073.0,1903128,whoscored,,False,False,False,False,,False,Attacking_Left,True,SavedShot,93,,26.02,,,,0.0,0.0,False,97,Leeds,False,False,,Neutral,16,0.0492649525403976,2025-08-23 16:30:00,Leeds,Home,1903128.0,28793,2
1903128,FirstHalf,19.0,16.0,19,SavedShot,Successful,19,Leeds,355609.0,Pascal Struijk,91.2,47.9,,,50.9,27.2,99.3,49.5,"[{'type': {'displayName': 'Zone', 'value': 56}, 'value': 'Center'}, {'type': {'displayName': 'IntentionalAssist', 'value': 154}}, {'type': {'displayName': 'FirstTouch', 'value': 328}}, {'type': {'displayName': 'HighCentre', 'value': 79}}, {'type': {'displayName': 'BlockedY', 'value': 147}, 'value': '49.5'}, {'type': {'displayName': 'Assisted', 'value': 29}}, {'type': {'displayName': 'OppositeRelatedEvent', 'value': 233}, 'value': '186'}, {'type': {'displayName': 'GoalMouthY', 'value': 102}, 'value': '50.9'}, {'type': {'displayName': 'BlockedX', 'value': 146}, 'value': '99.3'}, {'type': {'displayName': 'FromCorner', 'value': 25}}, {'type': {'displayName': 'RelatedEventId', 'value': 55}, 'value': '142'}, {'type': {'displayName': 'BoxCentre', 'value': 17}}, {'type': {'displayName': 'Head', 'value': 15}}, {'type': {'displayName': 'GoalMouthZ', 'value': 103}, 'value': '27.2'}]",True,True,,,142.0,401073.0,1903128,whoscored,,False,False,False,False,Head,False,Attacking_Center,True,SavedShot,97,,9.05,,,,0.0,0.0,False,101,Leeds,False,False,,Neutral,17,0.0832528695464134,2025-08-23 16:30:00,Leeds,Home,1903128.0,28793,2
1903145,FirstHalf,12.0,41.0,12,MissedShots,Successful,26,Liverpool,352825.0,Cody Gakpo,78.8,68.6,,,58.5,2.8,,,"[{'type': {'displayName': 'IndividualPlay', 'value': 215}}, {'type': {'displayName': 'GoalMouthZ', 'value': 103}, 'value': '2.8'}, {'type': {'displayName': 'OutOfBoxCentre', 'value': 18}}, {'type': {'displayName': 'Zone', 'value': 56}, 'value': 'Center'}, {'type': {'displayName': 'RelatedEventId', 'value': 55}, 'value': '138'}, {'type': {'displayName': 'RightFoot', 'value': 20}}, {'type': {'displayName': 'RegularPlay', 'value': 22}}, {'type': {'displayName': 'Assisted', 'value': 29}}, {'type': {'displayName': 'GoalMouthY', 'value': 102}, 'value': '58.5'}]",True,True,,,138.0,363884.0,1903145,whoscored,,False,False,False,False,,False,Attacking_Right,True,MissedShots,66,,28.2,,,,0.0,0.0,False,69,Liverpool,False,False,,Neutral,15,0.024450471624732,2025-08-31 15:30:00,Liverpool,Away,1903145.0,28806,3
1903145,FirstHalf,33.0,3.0,33,SavedShot,Successful,26,Liverpool,345319.0,Alexis Mac Allister,83.8,49.0,,,48.6,19.0,86.9,48.9,"[{'type': {'displayName': 'OppositeRelatedEvent', 'value': 233}, 'value': '262'}, {'type': {'displayName': 'GoalMouthY', 'value': 102}, 'value': '48.6'}, {'type': {'displayName': 'GoalMouthZ', 'value': 103}, 'value': '19'}, {'type': {'displayName': 'BlockedX', 'value': 146}, 'value': '86.9'}, {'type': {'displayName': 'BoxCentre', 'value': 17}}, {'type': {'displayName': 'Zone', 'value': 56}, 'value': 'Center'}, {'type': {'displayName': 'Blocked', 'value': 82}}, {'type': {'displayName': 'BlockedY', 'value': 147}, 'value': '48.9'}, {'type': {'displayName': 'RegularPlay', 'value': 22}}, {'type': {'displayName': 'RightFoot', 'value': 20}}, {'type': {'displayName': 'LowCentre', 'value': 78}}]",True,True,,,,,1903145,whoscored,,False,False,False,False,,False,Attacking_Center,True,SavedShot,136,,16.23,,,,0.0,0.0,False,139,Liverpool,False,False,,Neutral,17,0.0651134029030799,2025-08-31 15:30:00,Liverpool,Away,1903145.0,28806,3
1903145,SecondHalf,51.0,49.0,53,MissedShots,Successful,26,Liverpool,363884.0,Ryan Gravenberch,71.9,45.2,,,65.9,4.2,,,"[{'type': {'displayName': 'RelatedEventId', 'value': 55}, 'value': '432'}, {'type': {'displayName': 'Zone', 'value': 56}, 'value': 'Center'}, {'type': {'displayName': 'RegularPlay', 'value': 22}}, {'type': {'displayName': 'RightFoot', 'value': 20}}, {'type': {'displayName': 'IndividualPlay', 'value': 215}}, {'type': {'displayName': 'GoalMouthZ', 'value': 103}, 'value': '4.2'}, {'type': {'displayName': 'OutOfBoxCentre', 'value': 18}}, {'type': {'displayName': 'Assisted', 'value': 29}}, {'type': {'displayName': 'MissLeft', 'value': 73}}, {'type': {'displayName': 'GoalMouthY', 'value': 102}, 'value': '65.9'}]",True,True,,,432.0,345319.0,1903145,whoscored,,False,False,False,False,,False,Attacking_Center,True,MissedShots,238,,28.51,,,,0.0,0.0,False,243,Liverpool,False,False,,Neutral,14,0.0179975107312202,2025-08-31 15:30:00,Liverpool,Away,1903145.0,28806,3
1903145,SecondHalf,59.0,46.0,61,SavedShot,Successful,26,Liverpool,394786.0,Florian Wirtz,88.0,41.7,,,51.1,6.3,98.6,50.0,"[{'type': {'displayName': 'RegularPlay', 'value': 22}}, {'type': {'displayName': 'LeftFoot', 'value': 72}}, {'type': {'displayName': 'LowCentre', 'value': 78}}, {'type': {'displayName': 'OppositeRelatedEvent', 'value': 233}, 'value': '452'}, {'type': {'displayName': 'GoalMouthY', 'value': 102}, 'value': '51.1'}, {'type': {'displayName': 'Zone', 'value': 56}, 'value': 'Center'}, {'type': {'displayName': 'BlockedY', 'value': 147}, 'value': '50'}, {'type': {'displayName': 'IntentionalAssist', 'value': 154}}, {'type': {'displayName': 'Assisted', 'value': 29}}, {'type': {'displayName': 'BlockedX', 'value': 146}, 'value': '98.6'}, {'type': {'displayName': 'BoxCentre', 'value': 17}}, {'type': {'displayName': 'GoalMouthZ', 'value': 103}, 'value': '6.3'}, {'type': {'displayName': 'RelatedEventId', 'value': 55}, 'value': '516'}]",True,True,,,516.0,345319.0,1903145,whoscored,,False,False,False,False,,False,Attacking_Center,True,SavedShot,266,,14.59,,,,0.0,0.0,False,271,Liverpool,False,False,,Neutral,17,0.0915214419364929,2025-08-31 15:30:00,Liverpool,Away,1903145.0,28806,3
1903145,SecondHalf,65.0,0.0,67,SavedShot,Successful,26,Liverpool,352825.0,Cody Gakpo,83.7,67.9,,,50.7,1.3,99.8,51.3,"[{'type': {'displayName': 'GoalMouthZ', 'value': 103}, 'value': '1.3'}, {'type': {'displayName': 'Assisted', 'value': 29}}, {'type': {'displayName': 'Zone', 'value': 56}, 'value': 'Center'}, {'type': {'displayName': 'RightFoot', 'value': 20}}, {'type': {'displayName': 'LowCentre', 'value': 78}}, {'type': {'displayName': 'IndividualPlay', 'value': 215}}, {'type': {'displayName': 'GoalMouthY', 'value': 102}, 'value': '50.7'}, {'type': {'displayName': 'BoxLeft', 'value': 64}}, {'type': {'displayName': 'OppositeRelatedEvent', 'value': 233}, 'value': '477'}, {'type': {'displayName': 'RelatedEventId', 'value': 55}, 'value': '547'}, {'type': {'displayName': 'RegularPlay', 'value': 22}}, {'type': {'displayName': 'BlockedY', 'value': 147}, 'value': '51.3'}, {'type': {'displayName': 'BlockedX', 'value': 146}, 'value': '99.8'}]",True,True,,,547.0,355354.0,1903145,whoscored,,False,False,False,False,,False,Attacking_Right,True,SavedShot,290,,24.21,,,,0.0,0.0,False,295,Liverpool,False,False,,Neutral,18,0.0378993786871433,2025-08-31 15:30:00,Liverpool,Away,1903145.0,28806,3
1903145,SecondHalf,72.0,6.0,74,SavedShot,Successful,26,Liverpool,108226.0,Mohamed Salah,85.0,43.2,,,51.2,19.0,85.9,43.7,"[{'type': {'displayName': 'RegularPlay', 'value': 22}}, {'type': {'displayName': 'OppositeRelatedEvent', 'value': 233}, 'value': '521'}, {'type': {'displayName': 'BlockedX', 'value': 146}, 'value': '85.9'}, {'type': {'displayName': 'BoxCentre', 'value': 17}}, {'type': {'displayName': 'GoalMouthZ', 'value': 103}, 'value': '19'}, {'type': {'displayName': 'LowCentre', 'value': 78}}, {'type': {'displayName': 'RelatedEventId', 'value': 55}, 'value': '609'}, {'type': {'displayName': 'BlockedY', 'value': 147}, 'value': '43.7'}, {'type': {'displayName': 'Blocked', 'value': 82}}, {'type': {'displayName': 'LeftFoot', 'value': 72}}, {'type': {'displayName': 'IntentionalAssist', 'value': 154}}, {'type': {'displayName': 'GoalMouthY', 'value': 102}, 'value': '51.2'}, {'type': {'displayName': 'Assisted', 'value': 29}}, {'type': {'displayName': 'Zone', 'value': 56}, 'value': 'Center'}]",True,True,,,609.0,394786.0,1903145,whoscored,,False,False,False,False,,False,Attacking_Center,True,SavedShot,320,,16.47,,,,0.0,0.0,False,325,Liverpool,False,False,,Neutral,17,0.0757379606366157,2025-08-31 15:30:00,Liverpool,Away,1903145.0,28806,3
1903145,SecondHalf,73.0,7.0,75,SavedShot,Successful,26,Liverpool,394786.0,Florian Wirtz,82.1,42.5,,,47.9,19.0,89.5,44.8,"[{'type': {'displayName': 'FirstTouch', 'value': 328}}, {'type': {'displayName': 'GoalMouthZ', 'value': 103}, 'value': '19'}, {'type': {'displayName': 'Blocked', 'value': 82}}, {'type': {'displayName': 'Assisted', 'value': 29}}, {'type': {'displayName': 'IntentionalAssist', 'value': 154}}, {'type': {'displayName': 'FromCorner', 'value': 25}}, {'type': {'displayName': 'RelatedEventId', 'value': 55}, 'value': '614'}, {'type': {'displayName': 'LowRight', 'value': 80}}, {'type': {'displayName': 'OppositeRelatedEvent', 'value': 233}, 'value': '525'}, {'type': {'displayName': 'BlockedY', 'value': 147}, 'value': '44.8'}, {'type': {'displayName': 'BlockedX', 'value': 146}, 'value': '89.5'}, {'type': {'displayName': 'Zone', 'value': 56}, 'value': 'Center'}, {'type': {'displayName': 'GoalMouthY', 'value': 102}, 'value': '47.9'}, {'type': {'displayName': 'OutOfBoxCentre', 'value': 18}}, {'type': {'displayName': 'RightFoot', 'value': 20}}]",True,True,,,614.0,369875.0,1903145,whoscored,,False,False,False,False,,False,Attacking_Center,True,SavedShot,326,,19.41,,,,0.0,0.0,False,331,Liverpool,False,False,,Neutral,14,0.0347471237182617,2025-08-31 15:30:00,Liverpool,Away,1903145.0,28806,3
1903145,SecondHalf,82.0,7.0,84,Goal,Successful,26,Liverpool,369875.0,Dominik Szoboszlai,69.7,51.1,,,54.4,22.8,,,"[{'type': {'displayName': 'OutOfBoxCentre', 'value': 18}}, {'type': {'displayName': 'GoalMouthZ', 'value': 103}, 'value': '22.8'}, {'type': {'displayName': 'HighLeft', 'value': 77}}, {'type': {'displayName': 'RightFoot', 'value': 20}}, {'type': {'displayName': 'DirectFreekick', 'value': 26}}, {'type': {'displayName': 'GoalMouthY', 'value': 102}, 'value': '54.4'}, {'type': {'displayName': 'Zone', 'value': 56}, 'value': 'Center'}]",True,True,True,,,,1903145,whoscored,,False,False,False,False,,False,Attacking_Center,True,Goal,342,,30.32,,,,0.0,0.0,False,347,Liverpool,False,False,,Offensive,14,0.0369569957256317,2025-08-31 15:30:00,Liverpool,Away,1903145.0,28806,3
1903145,SecondHalf,96.0,42.0,98,SavedShot,Successful,26,Liverpool,322971.0,Federico Chiesa,81.6,53.6,,,48.6,19.0,84.9,52.7,"[{'type': {'displayName': 'BlockedX', 'value': 146}, 'value': '84.9'}, {'type': {'displayName': 'BlockedY', 'value': 147}, 'value': '52.7'}, {'type': {'displayName': 'LeftFoot', 'value': 72}}, {'type': {'displayName': 'RelatedEventId', 'value': 55}, 'value': '779'}, {'type': {'displayName': 'Zone', 'value': 56}, 'value': 'Center'}, {'type': {'displayName': 'OutOfBoxCentre', 'value': 18}}, {'type': {'displayName': 'IndividualPlay', 'value': 215}}, {'type': {'displayName': 'OppositeRelatedEvent', 'value': 233}, 'value': '710'}, {'type': {'displayName': 'LowCentre', 'value': 78}}, {'type': {'displayName': 'FastBreak', 'value': 23}}, {'type': {'displayName': 'GoalMouthZ', 'value': 103}, 'value': '19'}, {'type': {'displayName': 'GoalMouthY', 'value': 102}, 'value': '48.6'}, {'type': {'displayName': 'Assisted', 'value': 29}}, {'type': {'displayName': 'Blocked', 'value': 82}}]",True,True,,,779.0,352825.0,1903145,whoscored,,False,False,False,False,,False,Attacking_Center,True,SavedShot,440,,18.75,,,,0.0,0.0,False,445,Liverpool,False,False,,Neutral,14,0.0969793125987052,2025-08-31 15:30:00,Liverpool,Away,1903145.0,28806,3
1903148,FirstHalf,45.0,7.0,45,MissedShots,Successful,174,Nottingham Forest,332867.0,Morgan Gibbs-White,86.4,60.9,,,40.0,16.7,,,"[{'type': {'displayName': 'FirstTouch', 'value': 328}}, {'type': {'displayName': 'GoalMouthY', 'value': 102}, 'value': '40'}, {'type': {'displayName': 'MissRight', 'value': 75}}, {'type': {'displayName': 'RegularPlay', 'value': 22}}, {'type': {'displayName': 'IntentionalAssist', 'value': 154}}, {'type': {'displayName': 'BoxCentre', 'value': 17}}, {'type': {'displayName': 'GoalMouthZ', 'value': 103}, 'value': '16.7'}, {'type': {'displayName': 'RightFoot', 'value': 20}}, {'type': {'displayName': 'Zone', 'value': 56}, 'value': 'Center'}, {'type': {'displayName': 'Assisted', 'value': 29}}, {'type': {'displayName': 'RelatedEventId', 'value': 55}, 'value': '307'}]",True,True,,,307.0,73380.0,1903148,whoscored,,False,False,False,False,,False,Attacking_Center,True,MissedShots,195,,17.43,,,,0.0,0.0,False,199,Nottingham Forest,False,False,,Neutral,17,0.071136474609375,2025-09-13 11:30:00,Nottingham Forest,Home,1903148.0,28808,4
1903148,SecondHalf,51.0,4.0,59,SavedShot,Successful,174,Nottingham Forest,73380.0,Chris Wood,86.3,37.6,,,47.8,25.3,98.1,47.7,"[{'type': {'displayName': 'HighRight', 'value': 81}}, {'type': {'displayName': 'GoalMouthY', 'value': 102}, 'value': '47.8'}, {'type': {'displayName': 'BoxCentre', 'value': 17}}, {'type': {'displayName': 'OtherBodyPart', 'value': 21}}, {'type': {'displayName': 'Assisted', 'value': 29}}, {'type': {'displayName': 'OppositeRelatedEvent', 'value': 233}, 'value': '479'}, {'type': {'displayName': 'GoalMouthZ', 'value': 103}, 'value': '25.3'}, {'type': {'displayName': 'FastBreak', 'value': 23}}, {'type': {'displayName': 'BlockedY', 'value': 147}, 'value': '47.7'}, {'type': {'displayName': 'RelatedEventId', 'value': 55}, 'value': '406'}, {'type': {'displayName': 'BlockedX', 'value': 146}, 'value': '98.1'}, {'type': {'displayName': 'Zone', 'value': 56}, 'value': 'Center'}, {'type': {'displayName': 'FirstTouch', 'value': 328}}, {'type': {'displayName': 'IntentionalAssist', 'value': 154}}]",True,True,,,406.0,398414.0,1903148,whoscored,,False,False,False,False,,False,Attacking_Center,True,SavedShot,269,,18.48,,,,0.0,0.0,False,312,Nottingham Forest,False,False,,Neutral,17,0.092880979180336,2025-09-13 11:30:00,Nottingham Forest,Home,1903148.0,28808,4
1903148,SecondHalf,66.0,37.0,74,SavedShot,Successful,174,Nottingham Forest,384005.0,Arnaud Kalimuendo,81.9,31.5,,,51.8,19.0,84.9,34.8,"[{'type': {'displayName': 'GoalMouthZ', 'value': 103}, 'value': '19'}, {'type': {'displayName': 'OppositeRelatedEvent', 'value': 233}, 'value': '596'}, {'type': {'displayName': 'ThrowinSetPiece', 'value': 160}}, {'type': {'displayName': 'BlockedX', 'value': 146}, 'value': '84.9'}, {'type': {'displayName': 'Zone', 'value': 56}, 'value': 'Center'}, {'type': {'displayName': 'RelatedEventId', 'value': 55}, 'value': '537'}, {'type': {'displayName': 'OutOfBoxCentre', 'value': 18}}, {'type': {'displayName': 'RightFoot', 'value': 20}}, {'type': {'displayName': 'IndividualPlay', 'value': 215}}, {'type': {'displayName': 'GoalMouthY', 'value': 102}, 'value': '51.8'}, {'type': {'displayName': 'LowLeft', 'value': 76}}, {'type': {'displayName': 'BlockedY', 'value': 147}, 'value': '34.8'}, {'type': {'displayName': 'Assisted', 'value': 29}}, {'type': {'displayName': 'Blocked', 'value': 82}}]",True,True,,,537.0,450289.0,1903148,whoscored,,False,False,False,False,,False,Attacking_Left,True,SavedShot,339,,25.88,,,,0.0,0.0,False,383,Nottingham Forest,False,False,,Neutral,13,0.0192888751626014,2025-09-13 11:30:00,Nottingham Forest,Home,1903148.0,28808,4
1903148,SecondHalf,92.0,45.0,100,SavedShot,Successful,174,Nottingham Forest,386969.0,Neco Williams,76.6,69.1,,,52.9,19.0,78.6,67.7,"[{'type': {'displayName': 'RightFoot', 'value': 20}}, {'type': {'displayName': 'Assisted', 'value': 29}}, {'type': {'displayName': 'GoalMouthY', 'value': 102}, 'value': '52.9'}, {'type': {'displayName': 'RelatedEventId', 'value': 55}, 'value': '743'}, {'type': {'displayName': 'BlockedX', 'value': 146}, 'value': '78.6'}, {'type': {'displayName': 'Zone', 'value': 56}, 'value': 'Center'}, {'type': {'displayName': 'IndividualPlay', 'value': 215}}, {'type': {'displayName': 'OutOfBoxCentre', 'value': 18}}, {'type': {'displayName': 'GoalMouthZ', 'value': 103}, 'value': '19'}, {'type': {'displayName': 'OppositeRelatedEvent', 'value': 233}, 'value': '818'}, {'type': {'displayName': 'Blocked', 'value': 82}}, {'type': {'displayName': 'RegularPlay', 'value': 22}}, {'type': {'displayName': 'BlockedY', 'value': 147}, 'value': '67.7'}, {'type': {'displayName': 'LowLeft', 'value': 76}}]",True,True,,,743.0,384005.0,1903148,whoscored,,False,False,False,False,,False,Attacking_Right,True,SavedShot,447,,30.21,,,,0.0,0.0,False,491,Nottingham Forest,False,False,,Neutral,15,0.0113487504422664,2025-09-13 11:30:00,Nottingham Forest,Home,1903148.0,28808,4
1903148,SecondHalf,94.0,5.0,102,SavedShot,Successful,174,Nottingham Forest,384005.0,Arnaud Kalimuendo,87.2,35.9,,,48.6,19.0,89.4,38.1,"[{'type': {'displayName': 'GoalMouthZ', 'value': 103}, 'value': '19'}, {'type': {'displayName': 'OppositeRelatedEvent', 'value': 233}, 'value': '829'}, {'type': {'displayName': 'Blocked', 'value': 82}}, {'type': {'displayName': 'Assisted', 'value': 29}}, {'type': {'displayName': 'BlockedX', 'value': 146}, 'value': '89.4'}, {'type': {'displayName': 'BoxRight', 'value': 63}}, {'type': {'displayName': 'RelatedEventId', 'value': 55}, 'value': '760'}, {'type': {'displayName': 'FastBreak', 'value': 23}}, {'type': {'displayName': 'Zone', 'value': 56}, 'value': 'Center'}, {'type': {'displayName': 'IndividualPlay', 'value': 215}}, {'type': {'displayName': 'RightFoot', 'value': 20}}, {'type': {'displayName': 'LowCentre', 'value': 78}}, {'type': {'displayName': 'GoalMouthY', 'value': 102}, 'value': '48.6'}, {'type': {'displayName': 'BlockedY', 'value': 147}, 'value': '38.1'}]",True,True,,,760.0,425576.0,1903148,whoscored,,False,False,False,False,,False,Attacking_Center,True,SavedShot,455,,19.04,,,,0.0,0.0,False,499,Nottingham Forest,False,False,,Neutral,17,0.0990261137485504,2025-09-13 11:30:00,Nottingham Forest,Home,1903148.0,28808,4
1903158,FirstHalf,8.0,31.0,8,Goal,Successful,167,Man City,315227.0,Erling Haaland,90.6,44.1,,,52.9,2.5,,,"[{'type': {'displayName': 'FastBreak', 'value': 23}}, {'type': {'displayName': 'GoalMouthZ', 'value': 103}, 'value': '2.5'}, {'type': {'displayName': 'RightFoot', 'value': 20}}, {'type': {'displayName': 'Zone', 'value': 56}, 'value': 'Center'}, {'type': {'displayName': 'Assisted', 'value': 29}}, {'type': {'displayName': 'GoalMouthY', 'value': 102}, 'value': '52.9'}, {'type': {'displayName': 'IntentionalAssist', 'value': 154}}, {'type': {'displayName': 'BigChance', 'value': 214}}, {'type': {'displayName': 'RelatedEventId', 'value': 55}, 'value': '60'}, {'type': {'displayName': 'BoxCentre', 'value': 17}}, {'type': {'displayName': 'LowLeft', 'value': 76}}]",True,True,True,,60.0,343382.0,1903158,whoscored,,False,False,False,False,,False,Attacking_Center,True,Goal,51,,11.1,,,,0.0,0.0,False,55,Man City,False,False,,Offensive,17,0.0,2025-09-21 15:30:00,Manchester City,Home,1903158.0,28827,5
1903158,FirstHalf,19.0,28.0,19,SavedShot,Successful,167,Man City,343382.0,Tijjani Reijnders,83.7,62.4,,,51.6,1.9,98.4,50.7,"[{'type': {'displayName': 'RightFoot', 'value': 20}}, {'type': {'displayName': 'GoalMouthZ', 'value': 103}, 'value': '1.9'}, {'type': {'displayName': 'OppositeRelatedEvent', 'value': 233}, 'value': '194'}, {'type': {'displayName': 'GoalMouthY', 'value': 102}, 'value': '51.6'}, {'type': {'displayName': 'RegularPlay', 'value': 22}}, {'type': {'displayName': 'BlockedY', 'value': 147}, 'value': '50.7'}, {'type': {'displayName': 'Assisted', 'value': 29}}, {'type': {'displayName': 'Zone', 'value': 56}, 'value': 'Center'}, {'type': {'displayName': 'LowCentre', 'value': 78}}, {'type': {'displayName': 'IntentionalAssist', 'value': 154}}, {'type': {'displayName': 'BlockedX', 'value': 146}, 'value': '98.4'}, {'type': {'displayName': 'BoxCentre', 'value': 17}}, {'type': {'displayName': 'RelatedEventId', 'value': 55}, 'value': '155'}]",True,True,,,155.0,136741.0,1903158,whoscored,,False,False,False,False,,False,Attacking_Center,True,SavedShot,93,,20.48,,,,0.0,0.0,False,97,Man City,False,False,,Neutral,17,0.0,2025-09-21 15:30:00,Manchester City,Home,1903158.0,28827,5
1903158,FirstHalf,37.0,52.0,37,MissedShots,Successful,167,Man City,303139.0,Rodri,78.4,51.9,,,57.8,73.6,,,"[{'type': {'displayName': 'IntentionalAssist', 'value': 154}}, {'type': {'displayName': 'RegularPlay', 'value': 22}}, {'type': {'displayName': 'RelatedEventId', 'value': 55}, 'value': '262'}, {'type': {'displayName': 'GoalMouthY', 'value': 102}, 'value': '57.8'}, {'type': {'displayName': 'Assisted', 'value': 29}}, {'type': {'displayName': 'Zone', 'value': 56}, 'value': 'Center'}, {'type': {'displayName': 'OutOfBoxCentre', 'value': 18}}, {'type': {'displayName': 'IndividualPlay', 'value': 215}}, {'type': {'displayName': 'GoalMouthZ', 'value': 103}, 'value': '73.6'}, {'type': {'displayName': 'HighLeft', 'value': 77}}, {'type': {'displayName': 'FirstTouch', 'value': 328}}, {'type': {'displayName': 'LeftFoot', 'value': 72}}]",True,True,,,262.0,388098.0,1903158,whoscored,,False,False,False,False,,False,Attacking_Center,True,MissedShots,181,,21.68,,,,0.0,0.0,False,185,Man City,False,False,,Neutral,14,0.0,2025-09-21 15:30:00,Manchester City,Home,1903158.0,28827,5
1903158,SecondHalf,56.0,9.0,62,SavedShot,Successful,167,Man City,315227.0,Erling Haaland,85.0,67.7,,,51.9,2.5,94.9,54.7,"[{'type': {'displayName': 'BlockedX', 'value': 146}, 'value': '94.9'}, {'type': {'displayName': 'GoalMouthY', 'value': 102}, 'value': '51.9'}, {'type': {'displayName': 'FastBreak', 'value': 23}}, {'type': {'displayName': 'LowLeft', 'value': 76}}, {'type': {'displayName': 'OppositeRelatedEvent', 'value': 233}, 'value': '632'}, {'type': {'displayName': 'BlockedY', 'value': 147}, 'value': '54.7'}, {'type': {'displayName': 'RelatedEventId', 'value': 55}, 'value': '427'}, {'type': {'displayName': 'Assisted', 'value': 29}}, {'type': {'displayName': 'BoxLeft', 'value': 64}}, {'type': {'displayName': 'LeftFoot', 'value': 72}}, {'type': {'displayName': 'IntentionalAssist', 'value': 154}}, {'type': {'displayName': 'GoalMouthZ', 'value': 103}, 'value': '2.5'}, {'type': {'displayName': 'Zone', 'value': 56}, 'value': 'Center'}]",True,True,,,427.0,388098.0,1903158,whoscored,,False,False,False,False,,False,Attacking_Right,True,SavedShot,335,,23.2,,,,0.0,0.0,False,372,Man City,False,False,,Neutral,18,0.0,2025-09-21 15:30:00,Manchester City,Home,1903158.0,28827,5
1903158,SecondHalf,81.0,35.0,87,MissedShots,Successful,167,Man City,388098.0,Jérémy Doku,96.4,61.3,,,9.2,6.9,99.4,24.7,"[{'type': {'displayName': 'MissRight', 'value': 75}}, {'type': {'displayName': 'IntentionalAssist', 'value': 154}}, {'type': {'displayName': 'RightFoot', 'value': 20}}, {'type': {'displayName': 'Assisted', 'value': 29}}, {'type': {'displayName': 'IndividualPlay', 'value': 215}}, {'type': {'displayName': 'SmallBoxLeft', 'value': 61}}, {'type': {'displayName': 'RegularPlay', 'value': 22}}, {'type': {'displayName': 'Zone', 'value': 56}, 'value': 'Center'}, {'type': {'displayName': 'GoalMouthZ', 'value': 103}, 'value': '6.9'}, {'type': {'displayName': 'BlockedY', 'value': 147}, 'value': '24.7'}, {'type': {'displayName': 'GoalMouthY', 'value': 102}, 'value': '9.2'}, {'type': {'displayName': 'BlockedX', 'value': 146}, 'value': '99.4'}, {'type': {'displayName': 'BigChance', 'value': 214}}, {'type': {'displayName': 'RelatedEventId', 'value': 55}, 'value': '608'}]",True,True,,,608.0,343382.0,1903158,whoscored,,False,False,False,False,,False,Attacking_Center,True,MissedShots,477,Bernardo Silva,11.86,,,,0.0,0.0,False,514,Man City,False,False,,Neutral,17,0.0,2025-09-21 15:30:00,Manchester City,Home,1903158.0,28827,5
1903186,FirstHalf,10.0,29.0,10,SavedShot,Successful,23,Newcastle,393355.0,Malick Thiaw,89.1,51.7,,,51.6,13.9,98.2,50.0,"[{'type': {'displayName': 'RelatedEventId', 'value': 55}, 'value': '92'}, {'type': {'displayName': 'Assisted', 'value': 29}}, {'type': {'displayName': 'FirstTouch', 'value': 328}}, {'type': {'displayName': 'BoxCentre', 'value': 17}}, {'type': {'displayName': 'Head', 'value': 15}}, {'type': {'displayName': 'GoalMouthZ', 'value': 103}, 'value': '13.9'}, {'type': {'displayName': 'BlockedY', 'value': 147}, 'value': '50'}, {'type': {'displayName': 'LowCentre', 'value': 78}}, {'type': {'displayName': 'OppositeRelatedEvent', 'value': 233}, 'value': '101'}, {'type': {'displayName': 'IntentionalAssist', 'value': 154}}, {'type': {'displayName': 'FromCorner', 'value': 25}}, {'type': {'displayName': 'Zone', 'value': 56}, 'value': 'Center'}, {'type': {'displayName': 'GoalMouthY', 'value': 102}, 'value': '51.6'}, {'type': {'displayName': 'BlockedX', 'value': 146}, 'value': '98.2'}]",True,True,,,92.0,343501.0,1903186,whoscored,,False,False,False,False,Head,False,Attacking_Center,True,SavedShot,68,,11.03,,,,0.0,0.0,False,70,Newcastle,False,False,,Neutral,17,0.0167748555541038,2025-09-28 15:30:00,Newcastle,Away,1903186.0,28836,6
1903186,FirstHalf,12.0,28.0,12,SavedShot,Successful,23,Newcastle,393355.0,Malick Thiaw,90.5,51.7,,,50.2,19.0,92.1,51.4,"[{'type': {'displayName': 'Head', 'value': 15}}, {'type': {'displayName': 'GoalMouthZ', 'value': 103}, 'value': '19'}, {'type': {'displayName': 'OppositeRelatedEvent', 'value': 233}, 'value': '120'}, {'type': {'displayName': 'FirstTouch', 'value': 328}}, {'type': {'displayName': 'BoxCentre', 'value': 17}}, {'type': {'displayName': 'Blocked', 'value': 82}}, {'type': {'displayName': 'LowCentre', 'value': 78}}, {'type': {'displayName': 'BlockedY', 'value': 147}, 'value': '51.4'}, {'type': {'displayName': 'GoalMouthY', 'value': 102}, 'value': '50.2'}, {'type': {'displayName': 'Zone', 'value': 56}, 'value': 'Center'}, {'type': {'displayName': 'Assisted', 'value': 29}}, {'type': {'displayName': 'RelatedEventId', 'value': 55}, 'value': '110'}, {'type': {'displayName': 'FromCorner', 'value': 25}}, {'type': {'displayName': 'BlockedX', 'value': 146}, 'value': '92.1'}, {'type': {'displayName': 'IntentionalAssist', 'value': 154}}]",True,True,,,110.0,343501.0,1903186,whoscored,,False,False,False,False,Head,False,Attacking_Center,True,SavedShot,86,,9.65,,,,0.0,0.0,False,88,Newcastle,False,False,,Neutral,17,0.0254630222916603,2025-09-28 15:30:00,Newcastle,Away,1903186.0,28836,6
1903186,FirstHalf,25.0,4.0,25,SavedShot,Successful,23,Newcastle,349669.0,Anthony Gordon,81.5,72.3,,,47.8,3.8,97.8,50.7,"[{'type': {'displayName': 'OutOfBoxCentre', 'value': 18}}, {'type': {'displayName': 'RightFoot', 'value': 20}}, {'type': {'displayName': 'BlockedX', 'value': 146}, 'value': '97.8'}, {'type': {'displayName': 'IndividualPlay', 'value': 215}}, {'type': {'displayName': 'GoalMouthZ', 'value': 103}, 'value': '3.8'}, {'type': {'displayName': 'OppositeRelatedEvent', 'value': 233}, 'value': '201'}, {'type': {'displayName': 'Assisted', 'value': 29}}, {'type': {'displayName': 'FastBreak', 'value': 23}}, {'type': {'displayName': 'BlockedY', 'value': 147}, 'value': '50.7'}, {'type': {'displayName': 'RelatedEventId', 'value': 55}, 'value': '185'}, {'type': {'displayName': 'GoalMouthY', 'value': 102}, 'value': '47.8'}, {'type': {'displayName': 'LowRight', 'value': 80}}, {'type': {'displayName': 'Zone', 'value': 56}, 'value': 'Center'}]",True,True,,,185.0,201755.0,1903186,whoscored,,False,False,False,False,,False,Attacking_Right,True,SavedShot,148,,28.97,,,,0.0,0.0,False,150,Newcastle,False,False,,Neutral,15,0.0474607162177562,2025-09-28 15:30:00,Newcastle,Away,1903186.0,28836,6
1903186,FirstHalf,33.0,53.0,33,Goal,Successful,23,Newcastle,386606.0,Nick Woltemade,93.9,49.7,,,52.9,5.1,,,"[{'type': {'displayName': 'GoalMouthZ', 'value': 103}, 'value': '5.1'}, {'type': {'displayName': 'RelatedEventId', 'value': 55}, 'value': '237'}, {'type': {'displayName': 'FromCorner', 'value': 25}}, {'type': {'displayName': 'IntentionalAssist', 'value': 154}}, {'type': {'displayName': 'LowLeft', 'value': 76}}, {'type': {'displayName': 'Assisted', 'value': 29}}, {'type': {'displayName': 'BoxCentre', 'value': 17}}, {'type': {'displayName': 'GoalMouthY', 'value': 102}, 'value': '52.9'}, {'type': {'displayName': 'BigChance', 'value': 214}}, {'type': {'displayName': 'Zone', 'value': 56}, 'value': 'Center'}, {'type': {'displayName': 'FirstTouch', 'value': 328}}, {'type': {'displayName': 'Head', 'value': 15}}]",True,True,True,,237.0,343501.0,1903186,whoscored,,False,False,False,False,Head,False,Attacking_Center,True,Goal,206,,6.11,,,,0.0,0.0,False,208,Newcastle,False,False,,Offensive,17,0.3389509320259094,2025-09-28 15:30:00,Newcastle,Away,1903186.0,28836,6
1903186,SecondHalf,56.0,28.0,64,MissedShots,Successful,23,Newcastle,201755.0,Joelinton,85.3,72.6,,,40.7,1.4,,,"[{'type': {'displayName': 'GoalMouthZ', 'value': 103}, 'value': '1.4'}, {'type': {'displayName': 'Zone', 'value': 56}, 'value': 'Center'}, {'type': {'displayName': 'MissRight', 'value': 75}}, {'type': {'displayName': 'IndividualPlay', 'value': 215}}, {'type': {'displayName': 'Assisted', 'value': 29}}, {'type': {'displayName': 'LeftFoot', 'value': 72}}, {'type': {'displayName': 'BoxLeft', 'value': 64}}, {'type': {'displayName': 'RelatedEventId', 'value': 55}, 'value': '459'}, {'type': {'displayName': 'SetPiece', 'value': 24}}, {'type': {'displayName': 'GoalMouthY', 'value': 102}, 'value': '40.7'}]",True,True,,,459.0,349669.0,1903186,whoscored,,False,False,False,False,,False,Attacking_Right,True,MissedShots,396,,26.96,,,,0.0,0.0,False,453,Newcastle,False,False,,Neutral,18,0.0219909809529781,2025-09-28 15:30:00,Newcastle,Away,1903186.0,28836,6
1903186,SecondHalf,64.0,0.0,72,SavedShot,Successful,23,Newcastle,141486.0,Jacob Murphy,90.6,65.8,,,50.4,19.0,91.9,63.6,"[{'type': {'displayName': 'Assisted', 'value': 29}}, {'type': {'displayName': 'Zone', 'value': 56}, 'value': 'Center'}, {'type': {'displayName': 'GoalMouthZ', 'value': 103}, 'value': '19'}, {'type': {'displayName': 'BoxLeft', 'value': 64}}, {'type': {'displayName': 'IndividualPlay', 'value': 215}}, {'type': {'displayName': 'BlockedX', 'value': 146}, 'value': '91.9'}, {'type': {'displayName': 'GoalMouthY', 'value': 102}, 'value': '50.4'}, {'type': {'displayName': 'RelatedEventId', 'value': 55}, 'value': '497'}, {'type': {'displayName': 'OppositeRelatedEvent', 'value': 233}, 'value': '654'}, {'type': {'displayName': 'LeftFoot', 'value': 72}}, {'type': {'displayName': 'IntentionalAssist', 'value': 154}}, {'type': {'displayName': 'Blocked', 'value': 82}}, {'type': {'displayName': 'BlockedY', 'value': 147}, 'value': '63.6'}, {'type': {'displayName': 'FastBreak', 'value': 23}}, {'type': {'displayName': 'LowCentre', 'value': 78}}]",True,True,,,497.0,338780.0,1903186,whoscored,,False,False,False,False,,False,Attacking_Center,True,SavedShot,428,,18.38,,,,0.0,0.0,False,485,Newcastle,False,False,,Neutral,17,0.1519634574651718,2025-09-28 15:30:00,Newcastle,Away,1903186.0,28836,6
1903186,SecondHalf,85.0,6.0,93,SavedShot,Successful,23,Newcastle,413211.0,Anthony Elanga,90.2,33.6,,,48.6,19.0,91.3,35.2,"[{'type': {'displayName': 'RightFoot', 'value': 20}}, {'type': {'displayName': 'RelatedEventId', 'value': 55}, 'value': '620'}, {'type': {'displayName': 'GoalMouthY', 'value': 102}, 'value': '48.6'}, {'type': {'displayName': 'BlockedY', 'value': 147}, 'value': '35.2'}, {'type': {'displayName': 'BoxRight', 'value': 63}}, {'type': {'displayName': 'Zone', 'value': 56}, 'value': 'Center'}, {'type': {'displayName': 'IntentionalAssist', 'value': 154}}, {'type': {'displayName': 'GoalMouthZ', 'value': 103}, 'value': '19'}, {'type': {'displayName': 'Blocked', 'value': 82}}, {'type': {'displayName': 'Assisted', 'value': 29}}, {'type': {'displayName': 'OppositeRelatedEvent', 'value': 233}, 'value': '801'}, {'type': {'displayName': 'BlockedX', 'value': 146}, 'value': '91.3'}, {'type': {'displayName': 'LowCentre', 'value': 78}}, {'type': {'displayName': 'RegularPlay', 'value': 22}}]",True,True,,,620.0,338780.0,1903186,whoscored,,False,False,False,False,,False,Attacking_Center,True,SavedShot,532,,19.1,,,,0.0,0.0,False,589,Newcastle,False,False,,Neutral,17,0.0589445941150188,2025-09-28 15:30:00,Newcastle,Away,1903186.0,28836,6
1903186,SecondHalf,98.0,23.0,106,SavedShot,Successful,23,Newcastle,105171.0,Jamaal Lascelles,89.2,57.7,,,51.0,19.0,90.5,56.9,"[{'type': {'displayName': 'BlockedX', 'value': 146}, 'value': '90.5'}, {'type': {'displayName': 'BlockedY', 'value': 147}, 'value': '56.9'}, {'type': {'displayName': 'GoalMouthZ', 'value': 103}, 'value': '19'}, {'type': {'displayName': 'LeftFoot', 'value': 72}}, {'type': {'displayName': 'FirstTouch', 'value': 328}}, {'type': {'displayName': 'Zone', 'value': 56}, 'value': 'Center'}, {'type': {'displayName': 'Assisted', 'value': 29}}, {'type': {'displayName': 'Blocked', 'value': 82}}, {'type': {'displayName': 'GoalMouthY', 'value': 102}, 'value': '51.0'}, {'type': {'displayName': 'LowCentre', 'value': 78}}, {'type': {'displayName': 'RelatedEventId', 'value': 55}, 'value': '689'}, {'type': {'displayName': 'BoxCentre', 'value': 17}}, {'type': {'displayName': 'Volley', 'value': 108}}, {'type': {'displayName': 'SetPiece', 'value': 24}}]",True,True,,,689.0,379732.0,1903186,whoscored,,False,False,False,False,,False,Attacking_Center,True,SavedShot,604,Sven Botman,13.26,,,,0.0,0.0,False,661,Newcastle,False,False,,Neutral,17,0.0783025473356247,2025-09-28 15:30:00,Newcastle,Away,1903186.0,28836,6
1903165,FirstHalf,0.0,43.0,0,MissedShots,Successful,29,West Ham,104058.0,Niclas Füllkrug,97.1,53.2,,,52.1,75.0,,,"[{'type': {'displayName': 'SmallBoxCentre', 'value': 16}}, {'type': {'displayName': 'Zone', 'value': 56}, 'value': 'Center'}, {'type': {'displayName': 'FromCorner', 'value': 25}}, {'type': {'displayName': 'FirstTouch', 'value': 328}}, {'type': {'displayName': 'IntentionalAssist', 'value': 154}}, {'type': {'displayName': 'MissHigh', 'value': 74}}, {'type': {'displayName': 'GoalMouthZ', 'value': 103}, 'value': '75'}, {'type': {'displayName': 'BigChance', 'value': 214}}, {'type': {'displayName': 'RelatedEventId', 'value': 55}, 'value': '8'}, {'type': {'displayName': 'Head', 'value': 15}}, {'type': {'displayName': 'GoalMouthY', 'value': 102}, 'value': '52.1'}, {'type': {'displayName': 'Assisted', 'value': 29}}]",True,True,,,8.0,319756.0,1903165,whoscored,,False,False,False,False,Head,False,Attacking_Center,True,MissedShots,8,,4.32,,,,0.0,0.0,False,12,West Ham,False,False,,Neutral,17,0.5602625012397766,2025-10-04 14:00:00,West Ham,Home,1903165.0,28839,7
1903165,FirstHalf,6.0,17.0,6,MissedShots,Successful,29,West Ham,319756.0,Lucas Paquetá,90.9,27.6,,,48.9,69.4,,,"[{'type': {'displayName': 'Assisted', 'value': 29}}, {'type': {'displayName': 'Volley', 'value': 108}}, {'type': {'displayName': 'RelatedEventId', 'value': 55}, 'value': '56'}, {'type': {'displayName': 'ThrowinSetPiece', 'value': 160}}, {'type': {'displayName': 'GoalMouthY', 'value': 102}, 'value': '48.9'}, {'type': {'displayName': 'MissHigh', 'value': 74}}, {'type': {'displayName': 'GoalMouthZ', 'value': 103}, 'value': '69.4'}, {'type': {'displayName': 'Zone', 'value': 56}, 'value': 'Center'}, {'type': {'displayName': 'BoxRight', 'value': 63}}, {'type': {'displayName': 'FirstTouch', 'value': 328}}, {'type': {'displayName': 'LeftFoot', 'value': 72}}]",True,True,,,56.0,322596.0,1903165,whoscored,,False,False,False,False,,False,Attacking_Left,True,MissedShots,48,,24.18,,,,0.0,0.0,False,52,West Ham,False,False,,Neutral,16,0.0415468588471412,2025-10-04 14:00:00,West Ham,Home,1903165.0,28839,7
1903165,SecondHalf,46.0,25.0,52,SavedShot,Successful,29,West Ham,382564.0,Crysencio Summerville,86.5,68.5,,,48.9,19.0,88.0,65.9,"[{'type': {'displayName': 'BlockedY', 'value': 147}, 'value': '65.9'}, {'type': {'displayName': 'Zone', 'value': 56}, 'value': 'Center'}, {'type': {'displayName': 'Blocked', 'value': 82}}, {'type': {'displayName': 'RegularPlay', 'value': 22}}, {'type': {'displayName': 'RightFoot', 'value': 20}}, {'type': {'displayName': 'GoalMouthZ', 'value': 103}, 'value': '19'}, {'type': {'displayName': 'GoalMouthY', 'value': 102}, 'value': '48.9'}, {'type': {'displayName': 'BoxLeft', 'value': 64}}, {'type': {'displayName': 'BlockedX', 'value': 146}, 'value': '88.0'}, {'type': {'displayName': 'OppositeRelatedEvent', 'value': 233}, 'value': '510'}, {'type': {'displayName': 'RelatedEventId', 'value': 55}, 'value': '334'}, {'type': {'displayName': 'Assisted', 'value': 29}}, {'type': {'displayName': 'LowCentre', 'value': 78}}, {'type': {'displayName': 'IntentionalAssist', 'value': 154}}]",True,True,,,334.0,479288.0,1903165,whoscored,,False,False,False,False,,False,Attacking_Right,True,SavedShot,240,,22.9,,,,0.0,0.0,False,250,West Ham,False,False,,Neutral,18,0.0338056348264217,2025-10-04 14:00:00,West Ham,Home,1903165.0,28839,7
1903165,SecondHalf,91.0,40.0,97,MissedShots,Successful,29,West Ham,484501.0,Callum Marshall,94.9,55.2,,,52.1,68.1,,,"[{'type': {'displayName': 'SmallBoxCentre', 'value': 16}}, {'type': {'displayName': 'GoalMouthZ', 'value': 103}, 'value': '68.1'}, {'type': {'displayName': 'Assisted', 'value': 29}}, {'type': {'displayName': 'RelatedEventId', 'value': 55}, 'value': '612'}, {'type': {'displayName': 'BigChance', 'value': 214}}, {'type': {'displayName': 'IntentionalAssist', 'value': 154}}, {'type': {'displayName': 'Zone', 'value': 56}, 'value': 'Center'}, {'type': {'displayName': 'GoalMouthY', 'value': 102}, 'value': '52.1'}, {'type': {'displayName': 'MissHigh', 'value': 74}}, {'type': {'displayName': 'FromCorner', 'value': 25}}, {'type': {'displayName': 'FirstTouch', 'value': 328}}, {'type': {'displayName': 'Head', 'value': 15}}]",True,True,,,612.0,319756.0,1903165,whoscored,,False,False,False,False,Head,False,Attacking_Center,True,MissedShots,492,,7.28,,,,0.0,0.0,False,537,West Ham,False,False,,Neutral,17,0.2289344072341919,2025-10-04 14:00:00,West Ham,Home,1903165.0,28839,7
1903190,FirstHalf,10.0,36.0,10,SavedShot,Successful,170,Fulham,108186.0,Raúl Jiménez,91.1,33.6,,,49.8,19.0,91.9,35.0,"[{'type': {'displayName': 'Zone', 'value': 56}, 'value': 'Center'}, {'type': {'displayName': 'GoalMouthZ', 'value': 103}, 'value': '19'}, {'type': {'displayName': 'LowCentre', 'value': 78}}, {'type': {'displayName': 'RelatedEventId', 'value': 55}, 'value': '107'}, {'type': {'displayName': 'RightFoot', 'value': 20}}, {'type': {'displayName': 'FastBreak', 'value': 23}}, {'type': {'displayName': 'BlockedY', 'value': 147}, 'value': '35.0'}, {'type': {'displayName': 'BoxRight', 'value': 63}}, {'type': {'displayName': 'IntentionalAssist', 'value': 154}}, {'type': {'displayName': 'OppositeRelatedEvent', 'value': 233}, 'value': '120'}, {'type': {'displayName': 'FirstTouch', 'value': 328}}, {'type': {'displayName': 'Blocked', 'value': 82}}, {'type': {'displayName': 'GoalMouthY', 'value': 102}, 'value': '49.8'}, {'type': {'displayName': 'Assisted', 'value': 29}}, {'type': {'displayName': 'BlockedX', 'value': 146}, 'value': '91.9'}]",True,True,,,107.0,333044.0,1903190,whoscored,,False,False,False,False,,False,Attacking_Center,True,SavedShot,60,,18.66,,,,0.0,0.0,False,64,Fulham,False,False,,Neutral,17,0.0975259095430374,2025-10-18 16:30:00,Fulham,Away,1903190.0,28851,8
1903190,FirstHalf,11.0,8.0,11,MissedShots,Successful,170,Fulham,79583.0,Tom Cairney,86.5,43.2,,,57.5,16.7,93.3,50.4,"[{'type': {'displayName': 'BlockedY', 'value': 147}, 'value': '50.4'}, {'type': {'displayName': 'BoxCentre', 'value': 17}}, {'type': {'displayName': 'FromCorner', 'value': 25}}, {'type': {'displayName': 'RelatedEventId', 'value': 55}, 'value': '110'}, {'type': {'displayName': 'FirstTouch', 'value': 328}}, {'type': {'displayName': 'Zone', 'value': 56}, 'value': 'Center'}, {'type': {'displayName': 'GoalMouthZ', 'value': 103}, 'value': '16.7'}, {'type': {'displayName': 'BlockedX', 'value': 146}, 'value': '93.3'}, {'type': {'displayName': 'GoalMouthY', 'value': 102}, 'value': '57.5'}, {'type': {'displayName': 'LeftFoot', 'value': 72}}, {'type': {'displayName': 'IntentionalAssist', 'value': 154}}, {'type': {'displayName': 'Assisted', 'value': 29}}, {'type': {'displayName': 'Volley', 'value': 108}}]",True,True,,,110.0,136824.0,1903190,whoscored,,False,False,False,False,,False,Attacking_Center,True,MissedShots,64,,15.12,,,,0.0,0.0,False,68,Fulham,False,False,,Neutral,17,0.0459450334310531,2025-10-18 16:30:00,Fulham,Away,1903190.0,28851,8
1903190,FirstHalf,12.0,31.0,12,MissedShots,Successful,170,Fulham,333044.0,Harry Wilson,87.4,30.3,,,59.7,5.6,,,"[{'type': {'displayName': 'RelatedEventId', 'value': 55}, 'value': '128'}, {'type': {'displayName': 'BoxRight', 'value': 63}}, {'type': {'displayName': 'MissLeft', 'value': 73}}, {'type': {'displayName': 'Zone', 'value': 56}, 'value': 'Center'}, {'type': {'displayName': 'GoalMouthZ', 'value': 103}, 'value': '5.6'}, {'type': {'displayName': 'IntentionalAssist', 'value': 154}}, {'type': {'displayName': 'RegularPlay', 'value': 22}}, {'type': {'displayName': 'GoalMouthY', 'value': 102}, 'value': '59.7'}, {'type': {'displayName': 'Assisted', 'value': 29}}, {'type': {'displayName': 'LeftFoot', 'value': 72}}]",True,True,,,128.0,321020.0,1903190,whoscored,,False,False,False,False,,False,Attacking_Left,True,MissedShots,72,,23.38,,,,0.0,0.0,False,76,Fulham,False,False,,Neutral,16,0.045881200581789,2025-10-18 16:30:00,Fulham,Away,1903190.0,28851,8
1903190,FirstHalf,17.0,22.0,17,SavedShot,Successful,170,Fulham,515865.0,Josh King,79.4,35.6,,,50.8,19.0,88.4,42.2,"[{'type': {'displayName': 'OppositeRelatedEvent', 'value': 233}, 'value': '185'}, {'type': {'displayName': 'OutOfBoxCentre', 'value': 18}}, {'type': {'displayName': 'BlockedY', 'value': 147}, 'value': '42.2'}, {'type': {'displayName': 'GoalMouthY', 'value': 102}, 'value': '50.8'}, {'type': {'displayName': 'LowCentre', 'value': 78}}, {'type': {'displayName': 'FastBreak', 'value': 23}}, {'type': {'displayName': 'BlockedX', 'value': 146}, 'value': '88.4'}, {'type': {'displayName': 'Assisted', 'value': 29}}, {'type': {'displayName': 'GoalMouthZ', 'value': 103}, 'value': '19'}, {'type': {'displayName': 'LeftFoot', 'value': 72}}, {'type': {'displayName': 'RelatedEventId', 'value': 55}, 'value': '154'}, {'type': {'displayName': 'Zone', 'value': 56}, 'value': 'Center'}, {'type': {'displayName': 'IndividualPlay', 'value': 215}}, {'type': {'displayName': 'Blocked', 'value': 82}}]",True,True,,,154.0,333044.0,1903190,whoscored,,False,False,False,False,,False,Attacking_Center,True,SavedShot,94,,25.13,,,,0.0,0.0,False,98,Fulham,False,False,,Neutral,14,0.0824458301067352,2025-10-18 16:30:00,Fulham,Away,1903190.0,28851,8
1903190,FirstHalf,25.0,29.0,25,MissedShots,Successful,170,Fulham,333044.0,Harry Wilson,84.0,43.0,,,41.8,9.7,,,"[{'type': {'displayName': 'BoxCentre', 'value': 17}}, {'type': {'displayName': 'IntentionalAssist', 'value': 154}}, {'type': {'displayName': 'LeftFoot', 'value': 72}}, {'type': {'displayName': 'RelatedEventId', 'value': 55}, 'value': '214'}, {'type': {'displayName': 'Zone', 'value': 56}, 'value': 'Center'}, {'type': {'displayName': 'RegularPlay', 'value': 22}}, {'type': {'displayName': 'GoalMouthZ', 'value': 103}, 'value': '9.7'}, {'type': {'displayName': 'GoalMouthY', 'value': 102}, 'value': '41.8'}, {'type': {'displayName': 'Assisted', 'value': 29}}]",True,True,,,214.0,136824.0,1903190,whoscored,,False,False,False,False,,False,Attacking_Center,True,MissedShots,136,,17.46,,,,0.0,0.0,False,140,Fulham,False,False,,Neutral,17,0.0767130032181739,2025-10-18 16:30:00,Fulham,Away,1903190.0,28851,8
1903190,FirstHalf,30.0,10.0,30,MissedShots,Successful,170,Fulham,322611.0,Ryan Sessegnon,72.1,44.6,,,32.6,4.2,,,"[{'type': {'displayName': 'LeftFoot', 'value': 72}}, {'type': {'displayName': 'Volley', 'value': 108}}, {'type': {'displayName': 'MissRight', 'value': 75}}, {'type': {'displayName': 'FromCorner', 'value': 25}}, {'type': {'displayName': 'GoalMouthY', 'value': 102}, 'value': '32.6'}, {'type': {'displayName': 'OutOfBoxCentre', 'value': 18}}, {'type': {'displayName': 'FirstTouch', 'value': 328}}, {'type': {'displayName': 'GoalMouthZ', 'value': 103}, 'value': '4.2'}, {'type': {'displayName': 'IndividualPlay', 'value': 215}}, {'type': {'displayName': 'Zone', 'value': 56}, 'value': 'Center'}]",True,True,,,,,1903190,whoscored,,False,False,False,False,,False,Attacking_Center,True,MissedShots,162,,28.42,,,,0.0,0.0,False,166,Fulham,False,False,,Neutral,14,0.0126114506274461,2025-10-18 16:30:00,Fulham,Away,1903190.0,28851,8
1903190,SecondHalf,51.0,10.0,58,MissedShots,Successful,170,Fulham,333044.0,Harry Wilson,79.4,41.5,,,62.4,59.7,,,"[{'type': {'displayName': 'OutOfBoxCentre', 'value': 18}}, {'type': {'displayName': 'HighLeft', 'value': 77}}, {'type': {'displayName': 'RelatedEventId', 'value': 55}, 'value': '354'}, {'type': {'displayName': 'GoalMouthZ', 'value': 103}, 'value': '59.7'}, {'type': {'displayName': 'Zone', 'value': 56}, 'value': 'Center'}, {'type': {'displayName': 'GoalMouthY', 'value': 102}, 'value': '62.4'}, {'type': {'displayName': 'RegularPlay', 'value': 22}}, {'type': {'displayName': 'IntentionalAssist', 'value': 154}}, {'type': {'displayName': 'Assisted', 'value': 29}}, {'type': {'displayName': 'LeftFoot', 'value': 72}}]",True,True,,,354.0,136824.0,1903190,whoscored,,False,False,False,False,,False,Attacking_Center,True,MissedShots,290,,22.28,,,,0.0,0.0,False,336,Fulham,False,False,,Neutral,14,0.0424771532416343,2025-10-18 16:30:00,Fulham,Away,1903190.0,28851,8
1903190,SecondHalf,54.0,28.0,61,MissedShots,Successful,170,Fulham,333044.0,Harry Wilson,85.7,50.7,,,48.1,63.9,,,"[{'type': {'displayName': 'GoalMouthZ', 'value': 103}, 'value': '63.9'}, {'type': {'displayName': 'Assisted', 'value': 29}}, {'type': {'displayName': 'MissHigh', 'value': 74}}, {'type': {'displayName': 'GoalMouthY', 'value': 102}, 'value': '48.1'}, {'type': {'displayName': 'RelatedEventId', 'value': 55}, 'value': '376'}, {'type': {'displayName': 'RegularPlay', 'value': 22}}, {'type': {'displayName': 'LeftFoot', 'value': 72}}, {'type': {'displayName': 'FirstTouch', 'value': 328}}, {'type': {'displayName': 'Volley', 'value': 108}}, {'type': {'displayName': 'BoxCentre', 'value': 17}}, {'type': {'displayName': 'Zone', 'value': 56}, 'value': 'Center'}, {'type': {'displayName': 'IntentionalAssist', 'value': 154}}]",True,True,,,376.0,136824.0,1903190,whoscored,,False,False,False,False,,False,Attacking_Center,True,MissedShots,308,,14.32,,,,0.0,0.0,False,354,Fulham,False,False,,Neutral,17,0.061680257320404,2025-10-18 16:30:00,Fulham,Away,1903190.0,28851,8
1903190,SecondHalf,89.0,56.0,96,SavedShot,Successful,170,Fulham,140088.0,Adama Traoré,89.2,65.8,,,45.7,19.0,90.6,63.2,"[{'type': {'displayName': 'Assisted', 'value': 29}}, {'type': {'displayName': 'BoxLeft', 'value': 64}}, {'type': {'displayName': 'LowRight', 'value': 80}}, {'type': {'displayName': 'BlockedY', 'value': 147}, 'value': '63.2'}, {'type': {'displayName': 'BlockedX', 'value': 146}, 'value': '90.6'}, {'type': {'displayName': 'Zone', 'value': 56}, 'value': 'Center'}, {'type': {'displayName': 'RelatedEventId', 'value': 55}, 'value': '614'}, {'type': {'displayName': 'Volley', 'value': 108}}, {'type': {'displayName': 'RightFoot', 'value': 20}}, {'type': {'displayName': 'GoalMouthZ', 'value': 103}, 'value': '19'}, {'type': {'displayName': 'GoalMouthY', 'value': 102}, 'value': '45.7'}, {'type': {'displayName': 'Blocked', 'value': 82}}, {'type': {'displayName': 'FirstTouch', 'value': 328}}, {'type': {'displayName': 'FromCorner', 'value': 25}}, {'type': {'displayName': 'IntentionalAssist', 'value': 154}}]",True,True,,,614.0,429174.0,1903190,whoscored,,False,False,False,False,,False,Attacking_Center,True,SavedShot,468,Calvin Bassey,19.14,,,,0.0,0.0,False,514,Fulham,False,False,,Neutral,17,0.0370516963303089,2025-10-18 16:30:00,Fulham,Away,1903190.0,28851,8
1903198,FirstHalf,9.0,22.0,9,SavedShot,Successful,162,Crystal Palace,374631.0,Marc Guéhi,94.0,39.0,,,50.3,19.0,94.2,39.4,"[{'type': {'displayName': 'IntentionalAssist', 'value': 154}}, {'type': {'displayName': 'FromCorner', 'value': 25}}, {'type': {'displayName': 'OppositeRelatedEvent', 'value': 233}, 'value': '124'}, {'type': {'displayName': 'GoalMouthY', 'value': 102}, 'value': '50.3'}, {'type': {'displayName': 'GoalMouthZ', 'value': 103}, 'value': '19'}, {'type': {'displayName': 'Head', 'value': 15}}, {'type': {'displayName': 'Zone', 'value': 56}, 'value': 'Center'}, {'type': {'displayName': 'RelatedEventId', 'value': 55}, 'value': '43'}, {'type': {'displayName': 'LowCentre', 'value': 78}}, {'type': {'displayName': 'BoxCentre', 'value': 17}}, {'type': {'displayName': 'Assisted', 'value': 29}}, {'type': {'displayName': 'FirstTouch', 'value': 328}}, {'type': {'displayName': 'BlockedX', 'value': 146}, 'value': '94.2'}, {'type': {'displayName': 'BlockedY', 'value': 147}, 'value': '39.4'}, {'type': {'displayName': 'Blocked', 'value': 82}}]",True,True,,,43.0,430774.0,1903198,whoscored,,False,False,False,False,Head,False,Attacking_Center,True,SavedShot,43,,12.53,,,,0.0,0.0,False,45,Crystal Palace,False,False,,Neutral,17,0.0148983988910913,2025-10-26 14:00:00,Crystal Palace,Home,1903198.0,28859,9
1903198,FirstHalf,21.0,42.0,21,SavedShot,Successful,162,Crystal Palace,322670.0,Ismaïla Sarr,87.1,30.3,,,49.1,19.0,89.0,33.0,"[{'type': {'displayName': 'GoalMouthY', 'value': 102}, 'value': '49.1'}, {'type': {'displayName': 'BlockedY', 'value': 147}, 'value': '33.0'}, {'type': {'displayName': 'Blocked', 'value': 82}}, {'type': {'displayName': 'OppositeRelatedEvent', 'value': 233}, 'value': '269'}, {'type': {'displayName': 'LowCentre', 'value': 78}}, {'type': {'displayName': 'IndividualPlay', 'value': 215}}, {'type': {'displayName': 'BoxRight', 'value': 63}}, {'type': {'displayName': 'GoalMouthZ', 'value': 103}, 'value': '19'}, {'type': {'displayName': 'Zone', 'value': 56}, 'value': 'Center'}, {'type': {'displayName': 'RightFoot', 'value': 20}}, {'type': {'displayName': 'RegularPlay', 'value': 22}}, {'type': {'displayName': 'BlockedX', 'value': 146}, 'value': '89.0'}]",True,True,,,,,1903198,whoscored,,False,False,False,False,,False,Attacking_Left,True,SavedShot,93,,23.55,,,,0.0,0.0,False,95,Crystal Palace,False,False,,Neutral,16,0.0473753288388252,2025-10-26 14:00:00,Crystal Palace,Home,1903198.0,28859,9
1903198,FirstHalf,26.0,31.0,26,MissedShots,Successful,162,Crystal Palace,430774.0,Adam Wharton,71.8,53.0,,,36.8,2.8,,,"[{'type': {'displayName': 'GoalMouthZ', 'value': 103}, 'value': '2.8'}, {'type': {'displayName': 'RegularPlay', 'value': 22}}, {'type': {'displayName': 'RelatedEventId', 'value': 55}, 'value': '320'}, {'type': {'displayName': 'Zone', 'value': 56}, 'value': 'Center'}, {'type': {'displayName': 'GoalMouthY', 'value': 102}, 'value': '36.8'}, {'type': {'displayName': 'OutOfBoxCentre', 'value': 18}}, {'type': {'displayName': 'IndividualPlay', 'value': 215}}, {'type': {'displayName': 'LeftFoot', 'value': 72}}, {'type': {'displayName': 'MissRight', 'value': 75}}, {'type': {'displayName': 'Assisted', 'value': 29}}, {'type': {'displayName': 'FirstTouch', 'value': 328}}, {'type': {'displayName': 'IntentionalAssist', 'value': 154}}]",True,True,,,320.0,403865.0,1903198,whoscored,,False,False,False,False,,False,Attacking_Center,True,MissedShots,123,,28.36,,,,0.0,0.0,False,125,Crystal Palace,False,False,,Neutral,14,0.0131073473021388,2025-10-26 14:00:00,Crystal Palace,Home,1903198.0,28859,9
1903198,SecondHalf,69.0,5.0,72,SavedShot,Successful,162,Crystal Palace,345845.0,Eddie Nketiah,94.3,49.9,,,49.3,24.7,94.8,49.9,"[{'type': {'displayName': 'GoalMouthY', 'value': 102}, 'value': '49.3'}, {'type': {'displayName': 'Head', 'value': 15}}, {'type': {'displayName': 'GoalMouthZ', 'value': 103}, 'value': '24.7'}, {'type': {'displayName': 'BlockedY', 'value': 147}, 'value': '49.9'}, {'type': {'displayName': 'Zone', 'value': 56}, 'value': 'Center'}, {'type': {'displayName': 'RegularPlay', 'value': 22}}, {'type': {'displayName': 'OppositeRelatedEvent', 'value': 233}, 'value': '758'}, {'type': {'displayName': 'BlockedX', 'value': 146}, 'value': '94.8'}, {'type': {'displayName': 'FirstTouch', 'value': 328}}, {'type': {'displayName': 'HighCentre', 'value': 79}}, {'type': {'displayName': 'SmallBoxCentre', 'value': 16}}]",True,True,,,,,1903198,whoscored,,False,False,False,False,Head,False,Attacking_Center,True,SavedShot,365,,5.7,,,,0.0,0.0,False,375,Crystal Palace,False,False,,Neutral,17,0.0780922845005989,2025-10-26 14:00:00,Crystal Palace,Home,1903198.0,28859,9
1903198,SecondHalf,78.0,42.0,81,SavedShot,Successful,162,Crystal Palace,328096.0,Jean-Philippe Mateta,88.6,56.4,,,51.6,19.0,90.5,55.6,"[{'type': {'displayName': 'Blocked', 'value': 82}}, {'type': {'displayName': 'Assisted', 'value': 29}}, {'type': {'displayName': 'BoxCentre', 'value': 17}}, {'type': {'displayName': 'GoalMouthY', 'value': 102}, 'value': '51.6'}, {'type': {'displayName': 'IntentionalAssist', 'value': 154}}, {'type': {'displayName': 'RelatedEventId', 'value': 55}, 'value': '620'}, {'type': {'displayName': 'LowCentre', 'value': 78}}, {'type': {'displayName': 'RightFoot', 'value': 20}}, {'type': {'displayName': 'OppositeRelatedEvent', 'value': 233}, 'value': '791'}, {'type': {'displayName': 'FirstTouch', 'value': 328}}, {'type': {'displayName': 'BlockedX', 'value': 146}, 'value': '90.5'}, {'type': {'displayName': 'FastBreak', 'value': 23}}, {'type': {'displayName': 'Zone', 'value': 56}, 'value': 'Center'}, {'type': {'displayName': 'GoalMouthZ', 'value': 103}, 'value': '19'}, {'type': {'displayName': 'BlockedY', 'value': 147}, 'value': '55.6'}]",True,True,,,620.0,345845.0,1903198,whoscored,,False,False,False,False,,False,Attacking_Center,True,SavedShot,435,,13.07,,,,0.0,0.0,False,445,Crystal Palace,False,False,,Neutral,17,0.1398800760507583,2025-10-26 14:00:00,Crystal Palace,Home,1903198.0,28859,9
1903198,SecondHalf,79.0,30.0,82,MissedShots,Successful,162,Crystal Palace,374631.0,Marc Guéhi,89.6,45.0,,,59.3,72.2,,,"[{'type': {'displayName': 'Head', 'value': 15}}, {'type': {'displayName': 'RelatedEventId', 'value': 55}, 'value': '623'}, {'type': {'displayName': 'Assisted', 'value': 29}}, {'type': {'displayName': 'Zone', 'value': 56}, 'value': 'Center'}, {'type': {'displayName': 'BoxCentre', 'value': 17}}, {'type': {'displayName': 'IntentionalAssist', 'value': 154}}, {'type': {'displayName': 'FromCorner', 'value': 25}}, {'type': {'displayName': 'FirstTouch', 'value': 328}}, {'type': {'displayName': 'GoalMouthY', 'value': 102}, 'value': '59.3'}, {'type': {'displayName': 'HighLeft', 'value': 77}}, {'type': {'displayName': 'GoalMouthZ', 'value': 103}, 'value': '72.2'}]",True,True,,,623.0,108638.0,1903198,whoscored,,False,False,False,False,Head,False,Attacking_Center,True,MissedShots,439,,11.54,,,,0.0,0.0,False,449,Crystal Palace,False,False,,Neutral,17,0.1398800760507583,2025-10-26 14:00:00,Crystal Palace,Home,1903198.0,28859,9
1903198,SecondHalf,90.0,26.0,93,MissedShots,Successful,162,Crystal Palace,401130.0,Maxence Lacroix,69.0,48.6,,,37.5,80.6,,,"[{'type': {'displayName': 'GoalMouthZ', 'value': 103}, 'value': '80.6'}, {'type': {'displayName': 'Volley', 'value': 108}}, {'type': {'displayName': 'HighRight', 'value': 81}}, {'type': {'displayName': 'GoalMouthY', 'value': 102}, 'value': '37.5'}, {'type': {'displayName': 'RightFoot', 'value': 20}}, {'type': {'displayName': 'RegularPlay', 'value': 22}}, {'type': {'displayName': 'FirstTouch', 'value': 328}}, {'type': {'displayName': 'IndividualPlay', 'value': 215}}, {'type': {'displayName': 'Zone', 'value': 56}, 'value': 'Center'}, {'type': {'displayName': 'OutOfBoxCentre', 'value': 18}}]",True,True,,,,,1903198,whoscored,,False,False,False,False,,False,Attacking_Center,True,MissedShots,491,,31.03,,,,0.0,0.0,False,501,Crystal Palace,False,False,,Neutral,14,0.0109183471649885,2025-10-26 14:00:00,Crystal Palace,Home,1903198.0,28859,9
1903224,FirstHalf,27.0,40.0,27,MissedShots,Successful,16,Sunderland,363535.0,Wilson Isidor,92.3,68.7,,,34.6,2.8,,,"[{'type': {'displayName': 'IntentionalAssist', 'value': 154}}, {'type': {'displayName': 'RelatedEventId', 'value': 55}, 'value': '183'}, {'type': {'displayName': 'GoalMouthZ', 'value': 103}, 'value': '2.8'}, {'type': {'displayName': 'Assisted', 'value': 29}}, {'type': {'displayName': 'BoxLeft', 'value': 64}}, {'type': {'displayName': 'LeftFoot', 'value': 72}}, {'type': {'displayName': 'FirstTouch', 'value': 328}}, {'type': {'displayName': 'RegularPlay', 'value': 22}}, {'type': {'displayName': 'Zone', 'value': 56}, 'value': 'Center'}, {'type': {'displayName': 'MissRight', 'value': 75}}, {'type': {'displayName': 'GoalMouthY', 'value': 102}, 'value': '34.6'}]",True,True,,,183.0,437449.0,1903224,whoscored,,False,False,False,False,,False,Attacking_Right,True,MissedShots,139,,20.22,,,,0.0,0.0,False,141,Sunderland,False,False,,Neutral,18,0.057769775390625,2025-11-08 15:00:00,Sunderland,Away,1903224.0,28885,10
1903224,FirstHalf,35.0,54.0,35,Goal,Successful,16,Sunderland,371761.0,Dan Ballard,91.8,41.9,,,47.4,25.3,,,"[{'type': {'displayName': 'RelatedEventId', 'value': 55}, 'value': '226'}, {'type': {'displayName': 'Zone', 'value': 56}, 'value': 'Center'}, {'type': {'displayName': 'BoxCentre', 'value': 17}}, {'type': {'displayName': 'Assisted', 'value': 29}}, {'type': {'displayName': 'GoalMouthZ', 'value': 103}, 'value': '25.3'}, {'type': {'displayName': 'GoalMouthY', 'value': 102}, 'value': '47.4'}, {'type': {'displayName': 'HighRight', 'value': 81}}, {'type': {'displayName': 'RightFoot', 'value': 20}}, {'type': {'displayName': 'IntentionalAssist', 'value': 154}}, {'type': {'displayName': 'BigChance', 'value': 214}}, {'type': {'displayName': 'SetPiece', 'value': 24}}]",True,True,True,,226.0,299077.0,1903224,whoscored,,False,False,False,False,,False,Attacking_Center,True,Goal,169,,11.53,,,,0.0,0.0,False,171,Sunderland,False,False,,Offensive,17,0.4225736260414123,2025-11-08 15:00:00,Sunderland,Away,1903224.0,28885,10
1903224,SecondHalf,48.0,8.0,58,SavedShot,Successful,16,Sunderland,363535.0,Wilson Isidor,85.6,58.1,,,50.8,19.0,87.3,57.2,"[{'type': {'displayName': 'BlockedY', 'value': 147}, 'value': '57.2'}, {'type': {'displayName': 'RelatedEventId', 'value': 55}, 'value': '344'}, {'type': {'displayName': 'Assisted', 'value': 29}}, {'type': {'displayName': 'BlockedX', 'value': 146}, 'value': '87.3'}, {'type': {'displayName': 'GoalMouthZ', 'value': 103}, 'value': '19'}, {'type': {'displayName': 'GoalMouthY', 'value': 102}, 'value': '50.8'}, {'type': {'displayName': 'LowCentre', 'value': 78}}, {'type': {'displayName': 'OppositeRelatedEvent', 'value': 233}, 'value': '499'}, {'type': {'displayName': 'FirstTouch', 'value': 328}}, {'type': {'displayName': 'IntentionalAssist', 'value': 154}}, {'type': {'displayName': 'Blocked', 'value': 82}}, {'type': {'displayName': 'BoxCentre', 'value': 17}}, {'type': {'displayName': 'RightFoot', 'value': 20}}, {'type': {'displayName': 'RegularPlay', 'value': 22}}, {'type': {'displayName': 'Zone', 'value': 56}, 'value': 'Center'}]",True,True,,,344.0,437449.0,1903224,whoscored,,False,False,False,False,,False,Attacking_Center,True,SavedShot,255,,16.52,,,,0.0,0.0,False,275,Sunderland,False,False,,Neutral,17,0.1052699387073516,2025-11-08 15:00:00,Sunderland,Away,1903224.0,28885,10
1903224,FirstHalf,53.0,13.0,53,MissedShots,Successful,16,Sunderland,299077.0,Nordi Mukiele,87.4,67.1,,,58.2,11.1,,,"[{'type': {'displayName': 'FromCorner', 'value': 25}}, {'type': {'displayName': 'RightFoot', 'value': 20}}, {'type': {'displayName': 'RelatedEventId', 'value': 55}, 'value': '319'}, {'type': {'displayName': 'FirstTouch', 'value': 328}}, {'type': {'displayName': 'Assisted', 'value': 29}}, {'type': {'displayName': 'BoxLeft', 'value': 64}}, {'type': {'displayName': 'GoalMouthY', 'value': 102}, 'value': '58.2'}, {'type': {'displayName': 'IntentionalAssist', 'value': 154}}, {'type': {'displayName': 'Zone', 'value': 56}, 'value': 'Center'}, {'type': {'displayName': 'GoalMouthZ', 'value': 103}, 'value': '11.1'}]",True,True,,,319.0,398393.0,1903224,whoscored,,False,False,False,False,,False,Attacking_Right,True,MissedShots,329,Lutsharel Geertruida,21.24,,,,0.0,0.0,False,381,Sunderland,False,False,,Neutral,18,0.0352503135800361,2025-11-08 15:00:00,Sunderland,Away,1903224.0,28885,10
1903224,SecondHalf,61.0,33.0,71,SavedShot,Successful,16,Sunderland,398393.0,Enzo Le Fée,86.8,56.6,,,49.3,19.0,88.1,56.3,"[{'type': {'displayName': 'RightFoot', 'value': 20}}, {'type': {'displayName': 'GoalMouthY', 'value': 102}, 'value': '49.3'}, {'type': {'displayName': 'LowCentre', 'value': 78}}, {'type': {'displayName': 'OppositeRelatedEvent', 'value': 233}, 'value': '642'}, {'type': {'displayName': 'GoalMouthZ', 'value': 103}, 'value': '19'}, {'type': {'displayName': 'Assisted', 'value': 29}}, {'type': {'displayName': 'BoxCentre', 'value': 17}}, {'type': {'displayName': 'Zone', 'value': 56}, 'value': 'Center'}, {'type': {'displayName': 'Blocked', 'value': 82}}, {'type': {'displayName': 'IntentionalAssist', 'value': 154}}, {'type': {'displayName': 'RegularPlay', 'value': 22}}, {'type': {'displayName': 'BlockedX', 'value': 146}, 'value': '88.1'}, {'type': {'displayName': 'BlockedY', 'value': 147}, 'value': '56.3'}, {'type': {'displayName': 'RelatedEventId', 'value': 55}, 'value': '457'}]",True,True,,,457.0,345441.0,1903224,whoscored,,False,False,False,False,,False,Attacking_Center,True,SavedShot,381,,14.76,,,,0.0,0.0,False,437,Sunderland,False,False,,Neutral,17,0.0946492701768875,2025-11-08 15:00:00,Sunderland,Away,1903224.0,28885,10
1903224,SecondHalf,93.0,13.0,103,Goal,Successful,16,Sunderland,404568.0,Brian Brobbey,92.3,54.5,,,50.2,19.0,,,"[{'type': {'displayName': 'Zone', 'value': 56}, 'value': 'Center'}, {'type': {'displayName': 'RightFoot', 'value': 20}}, {'type': {'displayName': 'BigChance', 'value': 214}}, {'type': {'displayName': 'BoxCentre', 'value': 17}}, {'type': {'displayName': 'GoalMouthY', 'value': 102}, 'value': '50.2'}, {'type': {'displayName': 'Volley', 'value': 108}}, {'type': {'displayName': 'GoalMouthZ', 'value': 103}, 'value': '19.0'}, {'type': {'displayName': 'RegularPlay', 'value': 22}}, {'type': {'displayName': 'LowCentre', 'value': 78}}, {'type': {'displayName': 'FirstTouch', 'value': 328}}]",True,True,True,,,,1903224,whoscored,,False,False,False,False,,False,Attacking_Center,True,Goal,531,,8.92,,,,0.0,0.0,False,587,Sunderland,False,False,,Offensive,17,0.4894345104694366,2025-11-08 15:00:00,Sunderland,Away,1903224.0,28885,10
1903208,SecondHalf,70.0,48.0,73,MissedShots,Successful,184,Burnley,361694.0,Zian Flemming,86.1,51.1,,,40.2,4.2,97.2,45.7,"[{'type': {'displayName': 'Zone', 'value': 56}, 'value': 'Center'}, {'type': {'displayName': 'BlockedX', 'value': 146}, 'value': '97.2'}, {'type': {'displayName': 'BlockedY', 'value': 147}, 'value': '45.7'}, {'type': {'displayName': 'FirstTouch', 'value': 328}}, {'type': {'displayName': 'Head', 'value': 15}}, {'type': {'displayName': 'MissRight', 'value': 75}}, {'type': {'displayName': 'RegularPlay', 'value': 22}}, {'type': {'displayName': 'GoalMouthY', 'value': 102}, 'value': '40.2'}, {'type': {'displayName': 'BoxCentre', 'value': 17}}, {'type': {'displayName': 'GoalMouthZ', 'value': 103}, 'value': '4.2'}]",True,True,,,,,1903208,whoscored,,False,False,False,False,Head,False,Attacking_Center,True,MissedShots,361,,13.94,,,,0.0,0.0,False,380,Burnley,False,False,,Neutral,17,0.0346668623387813,2025-11-01 15:00:00,Burnley,Away,1903208.0,28869,11
1903208,SecondHalf,72.0,13.0,75,MissedShots,Successful,184,Burnley,369712.0,Florentino,96.0,49.5,,,45.0,65.3,,,"[{'type': {'displayName': 'RelatedEventId', 'value': 55}, 'value': '576'}, {'type': {'displayName': 'FirstTouch', 'value': 328}}, {'type': {'displayName': 'Head', 'value': 15}}, {'type': {'displayName': 'Zone', 'value': 56}, 'value': 'Center'}, {'type': {'displayName': 'MissHigh', 'value': 74}}, {'type': {'displayName': 'SetPiece', 'value': 24}}, {'type': {'displayName': 'GoalMouthY', 'value': 102}, 'value': '45.0'}, {'type': {'displayName': 'IntentionalAssist', 'value': 154}}, {'type': {'displayName': 'BigChance', 'value': 214}}, {'type': {'displayName': 'GoalMouthZ', 'value': 103}, 'value': '65.3'}, {'type': {'displayName': 'Assisted', 'value': 29}}, {'type': {'displayName': 'SmallBoxCentre', 'value': 16}}]",True,True,,,576.0,414233.0,1903208,whoscored,,False,False,False,False,Head,False,Attacking_Center,True,MissedShots,365,,4.03,,,,0.0,0.0,False,384,Burnley,False,False,,Neutral,17,0.5850650668144226,2025-11-01 15:00:00,Burnley,Away,1903208.0,28869,11
1903208,SecondHalf,96.0,20.0,99,ShotOnPost,Successful,184,Burnley,279177.0,Marcus Edwards,75.8,37.6,,,44.8,25.3,,,"[{'type': {'displayName': 'DirectFreekick', 'value': 26}}, {'type': {'displayName': 'LeftFoot', 'value': 72}}, {'type': {'displayName': 'Zone', 'value': 56}, 'value': 'Center'}, {'type': {'displayName': 'OutOfBoxCentre', 'value': 18}}, {'type': {'displayName': 'MissRight', 'value': 75}}, {'type': {'displayName': 'GoalMouthY', 'value': 102}, 'value': '44.8'}, {'type': {'displayName': 'GoalMouthZ', 'value': 103}, 'value': '25.3'}]",True,True,,,,,1903208,whoscored,,False,False,False,False,,False,Attacking_Center,True,ShotOnPost,523,,27.19,,,,0.0,0.0,False,542,Burnley,False,False,,Neutral,14,0.0594449937343597,2025-11-01 15:00:00,Burnley,Away,1903208.0,28869,11
