game_id,period,minute,second,expanded_minute,type,outcome_type,team_id,team,player_id,player,x,y,end_x,end_y,goal_mouth_y,goal_mouth_z,blocked_x,blocked_y,qualifiers,is_touch,is_shot,is_goal,card_type,related_event_id,related_player_id,match_id,data_source,pass_length,is_longball,is_header,is_cross,is_through_ball,shot_body_part,is_assist,field_zone,is_successful,event_type,possession_sequence,next_player,distance_to_goal,pass_distance,event_id,take_ons_in_carry,xthreat,xthreat_gen,is_pre_assist,possession_id,possession_team,is_progressive,is_box_entry,pass_outcome,action_type,zone_id,xg,body_part
1913992,FirstHalf,8.0,3.0,8,MissedShots,Successful,55,Valencia,381713.0,Luis Rioja,78.8,55.2,,,0.7,8.3,93.6,0.0,"[{'type': {'displayName': 'MissRight', 'value': 75}}, {'type': {'displayName': 'BlockedX', 'value': 146}, 'value': '93.6'}, {'type': {'displayName': 'GoalMouthZ', 'value': 103}, 'value': '8.3'}, {'type': {'displayName': 'Zone', 'value': 56}, 'value': 'Center'}, {'type': {'displayName': 'IndividualPlay', 'value': 215}}, {'type': {'displayName': 'Volley', 'value': 108}}, {'type': {'displayName': 'BlockedY', 'value': 147}, 'value': '0'}, {'type': {'displayName': 'FirstTouch', 'value': 328}}, {'type': {'displayName': 'FromCorner', 'value': 25}}, {'type': {'displayName': 'LeftFoot', 'value': 72}}, {'type': {'displayName': 'OutOfBoxCentre', 'value': 18}}, {'type': {'displayName': 'GoalMouthY', 'value': 102}, 'value': '0.7'}]",True,True,False,,,,1913992,whoscored,,False,False,False,False,,False,Attacking_Center,True,MissedShots,50,,21.83,,,,0.0,0.0,False,54,Valencia,False,False,,Neutral,14,0.0275868698954582,Foot
1913992,FirstHalf,13.0,19.0,13,SavedShot,Successful,839,Villarreal,434077.0,Renato Veiga,91.5,54.7,,,50.3,19.0,92.9,54.0,"[{'type': {'displayName': 'OppositeRelatedEvent', 'value': 233}, 'value': '136'}, {'type': {'displayName': 'RelatedEventId', 'value': 55}, 'value': '143'}, {'type': {'displayName': 'Blocked', 'value': 82}}, {'type': {'displayName': 'FirstTouch', 'value': 328}}, {'type': {'displayName': 'BoxCentre', 'value': 17}}, {'type': {'displayName': 'Zone', 'value': 56}, 'value': 'Center'}, {'type': {'displayName': 'GoalMouthY', 'value': 102}, 'value': '50.3'}, {'type': {'displayName': 'GoalMouthZ', 'value': 103}, 'value': '19'}, {'type': {'displayName': 'IntentionalAssist', 'value': 154}}, {'type': {'displayName': 'BlockedY', 'value': 147}, 'value': '54.0'}, {'type': {'displayName': 'LowCentre', 'value': 78}}, {'type': {'displayName': 'Head', 'value': 15}}, {'type': {'displayName': 'Assisted', 'value': 29}}, {'type': {'displayName': 'BlockedX', 'value': 146}, 'value': '92.9'}, {'type': {'displayName': 'FromCorner', 'value': 25}}]",True,True,False,,143.0,239872.0,1913992,whoscored,,False,False,False,False,Head,False,Attacking_Center,True,SavedShot,69,,9.71,,,,0.0,0.0,False,73,Villarreal,False,False,,Neutral,17,0.0343055687844753,Head
1913992,FirstHalf,15.0,55.0,15,SavedShot,Successful,55,Valencia,302889.0,Pepelu,78.2,71.4,,,51.2,19.0,85.1,65.0,"[{'type': {'displayName': 'Zone', 'value': 56}, 'value': 'Center'}, {'type': {'displayName': 'OutOfBoxCentre', 'value': 18}}, {'type': {'displayName': 'Blocked', 'value': 82}}, {'type': {'displayName': 'DirectFreekick', 'value': 26}}, {'type': {'displayName': 'GoalMouthZ', 'value': 103}, 'value': '19'}, {'type': {'displayName': 'GoalMouthY', 'value': 102}, 'value': '51.2'}, {'type': {'displayName': 'BlockedY', 'value': 147}, 'value': '65.0'}, {'type': {'displayName': 'OppositeRelatedEvent', 'value': 233}, 'value': '158'}, {'type': {'displayName': 'BlockedX', 'value': 146}, 'value': '85.1'}, {'type': {'displayName': 'RightFoot', 'value': 20}}, {'type': {'displayName': 'LowCentre', 'value': 78}}]",True,True,False,,,,1913992,whoscored,,False,False,False,False,,False,Attacking_Right,True,SavedShot,74,,30.55,,,,0.0,0.0,False,78,Valencia,False,False,,Neutral,15,0.0615709982812404,Foot
1913992,FirstHalf,18.0,31.0,18,SavedShot,Successful,55,Valencia,431507.0,Javi Guerra,80.3,49.5,,,52.9,19.0,88.4,50.9,"[{'type': {'displayName': 'RightFoot', 'value': 20}}, {'type': {'displayName': 'OppositeRelatedEvent', 'value': 233}, 'value': '185'}, {'type': {'displayName': 'LowLeft', 'value': 76}}, {'type': {'displayName': 'FirstTouch', 'value': 328}}, {'type': {'displayName': 'Blocked', 'value': 82}}, {'type': {'displayName': 'GoalMouthY', 'value': 102}, 'value': '52.9'}, {'type': {'displayName': 'Zone', 'value': 56}, 'value': 'Center'}, {'type': {'displayName': 'IndividualPlay', 'value': 215}}, {'type': {'displayName': 'OutOfBoxCentre', 'value': 18}}, {'type': {'displayName': 'BlockedY', 'value': 147}, 'value': '50.9'}, {'type': {'displayName': 'RegularPlay', 'value': 22}}, {'type': {'displayName': 'BlockedX', 'value': 146}, 'value': '88.4'}, {'type': {'displayName': 'GoalMouthZ', 'value': 103}, 'value': '19'}]",True,True,False,,,,1913992,whoscored,,False,False,False,False,,False,Attacking_Center,True,SavedShot,92,,19.71,,,,0.0,0.0,False,96,Valencia,False,False,,Neutral,14,0.0469204038381576,Foot
1913992,FirstHalf,24.0,20.0,24,SavedShot,Successful,839,Villarreal,399047.0,Pape Gueye,91.0,36.1,,,50.1,19.0,92.4,38.3,"[{'type': {'displayName': 'GoalMouthY', 'value': 102}, 'value': '50.1'}, {'type': {'displayName': 'GoalMouthZ', 'value': 103}, 'value': '19'}, {'type': {'displayName': 'IntentionalAssist', 'value': 154}}, {'type': {'displayName': 'SetPiece', 'value': 24}}, {'type': {'displayName': 'BlockedY', 'value': 147}, 'value': '38.3'}, {'type': {'displayName': 'RelatedEventId', 'value': 55}, 'value': '214'}, {'type': {'displayName': 'BoxRight', 'value': 63}}, {'type': {'displayName': 'Volley', 'value': 108}}, {'type': {'displayName': 'Zone', 'value': 56}, 'value': 'Center'}, {'type': {'displayName': 'Assisted', 'value': 29}}, {'type': {'displayName': 'LeftFoot', 'value': 72}}, {'type': {'displayName': 'LowCentre', 'value': 78}}, {'type': {'displayName': 'FirstTouch', 'value': 328}}, {'type': {'displayName': 'BlockedX', 'value': 146}, 'value': '92.4'}, {'type': {'displayName': 'OppositeRelatedEvent', 'value': 233}, 'value': '274'}, {'type': {'displayName': 'Blocked', 'value': 82}}]",True,True,False,,214.0,448211.0,1913992,whoscored,,False,False,False,False,,False,Attacking_Center,True,SavedShot,115,,16.56,,,,0.0,0.0,False,119,Villarreal,False,False,,Neutral,17,0.0270825438201427,Foot
1913992,FirstHalf,28.0,5.0,28,MissedShots,Successful,55,Valencia,302889.0,Pepelu,74.9,62.6,,,40.8,83.3,,,"[{'type': {'displayName': 'HighRight', 'value': 81}}, {'type': {'displayName': 'DirectFreekick', 'value': 26}}, {'type': {'displayName': 'RightFoot', 'value': 20}}, {'type': {'displayName': 'GoalMouthZ', 'value': 103}, 'value': '83.3'}, {'type': {'displayName': 'Zone', 'value': 56}, 'value': 'Center'}, {'type': {'displayName': 'GoalMouthY', 'value': 102}, 'value': '40.8'}, {'type': {'displayName': 'OutOfBoxCentre', 'value': 18}}]",True,True,False,,,,1913992,whoscored,,False,False,False,False,,False,Attacking_Center,True,MissedShots,138,,28.09,,,,0.0,0.0,False,142,Valencia,False,False,,Neutral,14,0.0614068210124969,Foot
1913992,FirstHalf,36.0,47.0,36,MissedShots,Successful,55,Valencia,444252.0,Copete,79.1,59.1,,,37.1,11.1,85.9,53.4,"[{'type': {'displayName': 'GoalMouthZ', 'value': 103}, 'value': '11.1'}, {'type': {'displayName': 'IndividualPlay', 'value': 215}}, {'type': {'displayName': 'LeftFoot', 'value': 72}}, {'type': {'displayName': 'BlockedX', 'value': 146}, 'value': '85.9'}, {'type': {'displayName': 'OutOfBoxCentre', 'value': 18}}, {'type': {'displayName': 'Zone', 'value': 56}, 'value': 'Center'}, {'type': {'displayName': 'GoalMouthY', 'value': 102}, 'value': '37.1'}, {'type': {'displayName': 'MissRight', 'value': 75}}, {'type': {'displayName': 'RegularPlay', 'value': 22}}, {'type': {'displayName': 'BlockedY', 'value': 147}, 'value': '53.4'}]",True,True,False,,,,1913992,whoscored,,False,False,False,False,,False,Attacking_Center,True,MissedShots,188,Lucas Beltrán,22.8,,,,0.0,0.0,False,192,Valencia,False,False,,Neutral,14,0.0333529412746429,Foot
1913992,FirstHalf,36.0,57.0,36,SavedShot,Successful,55,Valencia,381713.0,Luis Rioja,86.5,33.9,,,51.4,1.3,98.1,46.9,"[{'type': {'displayName': 'OppositeRelatedEvent', 'value': 233}, 'value': '372'}, {'type': {'displayName': 'GoalMouthY', 'value': 102}, 'value': '51.4'}, {'type': {'displayName': 'BlockedX', 'value': 146}, 'value': '98.1'}, {'type': {'displayName': 'BlockedY', 'value': 147}, 'value': '46.9'}, {'type': {'displayName': 'GoalMouthZ', 'value': 103}, 'value': '1.3'}, {'type': {'displayName': 'LeftFoot', 'value': 72}}, {'type': {'displayName': 'Zone', 'value': 56}, 'value': 'Center'}, {'type': {'displayName': 'BoxRight', 'value': 63}}, {'type': {'displayName': 'Assisted', 'value': 29}}, {'type': {'displayName': 'RelatedEventId', 'value': 55}, 'value': '337'}, {'type': {'displayName': 'LowCentre', 'value': 78}}, {'type': {'displayName': 'RegularPlay', 'value': 22}}]",True,True,False,,337.0,422656.0,1913992,whoscored,,False,False,False,False,,False,Attacking_Center,True,SavedShot,190,,21.01,,,,0.0,0.0,False,194,Valencia,False,False,,Neutral,17,0.0540009029209613,Foot
1913992,FirstHalf,37.0,5.0,37,SavedShot,Successful,55,Valencia,431507.0,Javi Guerra,81.2,52.1,,,49.1,19.0,85.3,51.4,"[{'type': {'displayName': 'Zone', 'value': 56}, 'value': 'Center'}, {'type': {'displayName': 'BlockedY', 'value': 147}, 'value': '51.4'}, {'type': {'displayName': 'OutOfBoxCentre', 'value': 18}}, {'type': {'displayName': 'LowCentre', 'value': 78}}, {'type': {'displayName': 'RegularPlay', 'value': 22}}, {'type': {'displayName': 'Blocked', 'value': 82}}, {'type': {'displayName': 'BlockedX', 'value': 146}, 'value': '85.3'}, {'type': {'displayName': 'GoalMouthY', 'value': 102}, 'value': '49.1'}, {'type': {'displayName': 'OppositeRelatedEvent', 'value': 233}, 'value': '339'}, {'type': {'displayName': 'IndividualPlay', 'value': 215}}, {'type': {'displayName': 'GoalMouthZ', 'value': 103}, 'value': '19'}, {'type': {'displayName': 'RightFoot', 'value': 20}}]",True,True,False,,,,1913992,whoscored,,False,False,False,False,,False,Attacking_Center,True,SavedShot,192,,18.92,,,,0.0,0.0,False,196,Valencia,False,False,,Neutral,14,0.0589590109884738,Foot
1913992,FirstHalf,37.0,8.0,37,SavedShot,Successful,55,Valencia,302889.0,Pepelu,72.0,53.6,,,50.0,19.0,87.2,51.6,"[{'type': {'displayName': 'FirstTouch', 'value': 328}}, {'type': {'displayName': 'OutOfBoxCentre', 'value': 18}}, {'type': {'displayName': 'RegularPlay', 'value': 22}}, {'type': {'displayName': 'LowCentre', 'value': 78}}, {'type': {'displayName': 'RightFoot', 'value': 20}}, {'type': {'displayName': 'BlockedY', 'value': 147}, 'value': '51.6'}, {'type': {'displayName': 'GoalMouthY', 'value': 102}, 'value': '50.0'}, {'type': {'displayName': 'IndividualPlay', 'value': 215}}, {'type': {'displayName': 'BlockedX', 'value': 146}, 'value': '87.2'}, {'type': {'displayName': 'Zone', 'value': 56}, 'value': 'Center'}, {'type': {'displayName': 'GoalMouthZ', 'value': 103}, 'value': '19'}, {'type': {'displayName': 'OppositeRelatedEvent', 'value': 233}, 'value': '341'}, {'type': {'displayName': 'Blocked', 'value': 82}}]",True,True,False,,,,1913992,whoscored,,False,False,False,False,,False,Attacking_Center,True,SavedShot,194,,28.23,,,,0.0,0.0,False,198,Valencia,False,False,,Neutral,14,0.0133724128827452,Foot
1913992,FirstHalf,39.0,31.0,39,MissedShots,Successful,55,Valencia,431507.0,Javi Guerra,86.4,40.3,,,42.4,12.5,,,"[{'type': {'displayName': 'GoalMouthZ', 'value': 103}, 'value': '12.5'}, {'type': {'displayName': 'Zone', 'value': 56}, 'value': 'Center'}, {'type': {'displayName': 'FirstTouch', 'value': 328}}, {'type': {'displayName': 'IntentionalAssist', 'value': 154}}, {'type': {'displayName': 'RelatedEventId', 'value': 55}, 'value': '364'}, {'type': {'displayName': 'Assisted', 'value': 29}}, {'type': {'displayName': 'RightFoot', 'value': 20}}, {'type': {'displayName': 'BoxCentre', 'value': 17}}, {'type': {'displayName': 'RegularPlay', 'value': 22}}, {'type': {'displayName': 'GoalMouthY', 'value': 102}, 'value': '42.4'}]",True,True,False,,364.0,367180.0,1913992,whoscored,,False,False,False,False,,False,Attacking_Center,True,MissedShots,202,,16.7,,,,0.0,0.0,False,206,Valencia,False,False,,Neutral,17,0.0873957872390747,Foot
1913992,FirstHalf,44.0,27.0,44,Goal,Successful,839,Villarreal,97659.0,Gerard Moreno,88.5,50.0,,,48.0,3.2,,,"[{'type': {'displayName': 'Zone', 'value': 56}, 'value': 'Center'}, {'type': {'displayName': 'GoalMouthY', 'value': 102}, 'value': '48.0'}, {'type': {'displayName': 'LowRight', 'value': 80}}, {'type': {'displayName': 'BigChance', 'value': 214}}, {'type': {'displayName': 'LeftFoot', 'value': 72}}, {'type': {'displayName': 'GoalMouthZ', 'value': 103}, 'value': '3.2'}, {'type': {'displayName': 'BoxCentre', 'value': 17}}, {'type': {'displayName': 'Penalty', 'value': 9}}]",True,True,True,,,,1913992,whoscored,,False,False,False,False,,False,Attacking_Center,True,Goal,209,,11.5,,,,0.0,0.0,False,213,Villarreal,False,False,,Offensive,17,0.7432776093482971,Foot
1913992,SecondHalf,52.0,10.0,55,MissedShots,Successful,55,Valencia,444252.0,Copete,89.3,49.5,,,72.8,15.3,93.4,59.9,"[{'type': {'displayName': 'Zone', 'value': 56}, 'value': 'Center'}, {'type': {'displayName': 'BlockedY', 'value': 147}, 'value': '59.9'}, {'type': {'displayName': 'FirstTouch', 'value': 328}}, {'type': {'displayName': 'Assisted', 'value': 29}}, {'type': {'displayName': 'MissLeft', 'value': 73}}, {'type': {'displayName': 'BlockedX', 'value': 146}, 'value': '93.4'}, {'type': {'displayName': 'BoxCentre', 'value': 17}}, {'type': {'displayName': 'RelatedEventId', 'value': 55}, 'value': '467'}, {'type': {'displayName': 'Head', 'value': 15}}, {'type': {'displayName': 'FromCorner', 'value': 25}}, {'type': {'displayName': 'IntentionalAssist', 'value': 154}}, {'type': {'displayName': 'GoalMouthY', 'value': 102}, 'value': '72.8'}, {'type': {'displayName': 'GoalMouthZ', 'value': 103}, 'value': '15.3'}]",True,True,False,,467.0,381713.0,1913992,whoscored,,False,False,False,False,Head,False,Attacking_Center,True,MissedShots,268,,10.71,,,,0.0,0.0,False,282,Valencia,False,False,,Neutral,17,0.0224628709256649,Head
1913992,SecondHalf,53.0,25.0,56,MissedShots,Successful,839,Villarreal,362735.0,Santi Comesaña,90.4,47.1,,,48.9,83.3,,,"[{'type': {'displayName': 'RelatedEventId', 'value': 55}, 'value': '488'}, {'type': {'displayName': 'BoxCentre', 'value': 17}}, {'type': {'displayName': 'MissHigh', 'value': 74}}, {'type': {'displayName': 'FromCorner', 'value': 25}}, {'type': {'displayName': 'Assisted', 'value': 29}}, {'type': {'displayName': 'IntentionalAssist', 'value': 154}}, {'type': {'displayName': 'RightFoot', 'value': 20}}, {'type': {'displayName': 'GoalMouthZ', 'value': 103}, 'value': '83.3'}, {'type': {'displayName': 'FirstTouch', 'value': 328}}, {'type': {'displayName': 'Zone', 'value': 56}, 'value': 'Center'}, {'type': {'displayName': 'GoalMouthY', 'value': 102}, 'value': '48.9'}]",True,True,False,,488.0,97659.0,1913992,whoscored,,False,False,False,False,,False,Attacking_Center,True,MissedShots,275,,10.03,,,,0.0,0.0,False,289,Villarreal,False,False,,Neutral,17,0.09634280949831,Foot
1913992,SecondHalf,54.0,47.0,57,MissedShots,Successful,839,Villarreal,448211.0,Alberto Moleiro,85.2,52.1,,,38.3,94.4,,,"[{'type': {'displayName': 'FirstTouch', 'value': 328}}, {'type': {'displayName': 'GoalMouthZ', 'value': 103}, 'value': '94.4'}, {'type': {'displayName': 'RightFoot', 'value': 20}}, {'type': {'displayName': 'GoalMouthY', 'value': 102}, 'value': '38.3'}, {'type': {'displayName': 'Zone', 'value': 56}, 'value': 'Center'}, {'type': {'displayName': 'BoxCentre', 'value': 17}}, {'type': {'displayName': 'IntentionalAssist', 'value': 154}}, {'type': {'displayName': 'RelatedEventId', 'value': 55}, 'value': '507'}, {'type': {'displayName': 'HighRight', 'value': 81}}, {'type': {'displayName': 'Assisted', 'value': 29}}, {'type': {'displayName': 'FastBreak', 'value': 23}}]",True,True,False,,507.0,239872.0,1913992,whoscored,,False,False,False,False,,False,Attacking_Center,True,MissedShots,283,,14.95,,,,0.0,0.0,False,297,Villarreal,False,False,,Neutral,17,0.1330355405807495,Foot
1913992,SecondHalf,56.0,6.0,59,SavedShot,Successful,839,Villarreal,389020.0,Georges Mikautadze,95.2,69.3,,,53.6,13.3,98.8,55.8,"[{'type': {'displayName': 'RegularPlay', 'value': 22}}, {'type': {'displayName': 'RelatedEventId', 'value': 55}, 'value': '520'}, {'type': {'displayName': 'DeepBoxLeft', 'value': 65}}, {'type': {'displayName': 'Zone', 'value': 56}, 'value': 'Center'}, {'type': {'displayName': 'BlockedY', 'value': 147}, 'value': '55.8'}, {'type': {'displayName': 'BlockedX', 'value': 146}, 'value': '98.8'}, {'type': {'displayName': 'LeftFoot', 'value': 72}}, {'type': {'displayName': 'OppositeRelatedEvent', 'value': 233}, 'value': '507'}, {'type': {'displayName': 'Assisted', 'value': 29}}, {'type': {'displayName': 'LowLeft', 'value': 76}}, {'type': {'displayName': 'GoalMouthZ', 'value': 103}, 'value': '13.3'}, {'type': {'displayName': 'IndividualPlay', 'value': 215}}, {'type': {'displayName': 'GoalMouthY', 'value': 102}, 'value': '53.6'}]",True,True,False,,520.0,399047.0,1913992,whoscored,,False,False,False,False,,False,Attacking_Right,True,SavedShot,291,,19.89,,,,0.0,0.0,False,305,Villarreal,False,False,,Neutral,18,0.0725063681602478,Foot
1913992,SecondHalf,56.0,8.0,59,Goal,Successful,839,Villarreal,362735.0,Santi Comesaña,94.3,48.9,,,50.0,8.9,,,"[{'type': {'displayName': 'SmallBoxCentre', 'value': 16}}, {'type': {'displayName': 'BigChance', 'value': 214}}, {'type': {'displayName': 'Zone', 'value': 56}, 'value': 'Center'}, {'type': {'displayName': 'RightFoot', 'value': 20}}, {'type': {'displayName': 'FirstTouch', 'value': 328}}, {'type': {'displayName': 'RegularPlay', 'value': 22}}, {'type': {'displayName': 'GoalMouthZ', 'value': 103}, 'value': '8.9'}, {'type': {'displayName': 'GoalMouthY', 'value': 102}, 'value': '50.0'}, {'type': {'displayName': 'LowCentre', 'value': 78}}]",True,True,True,,,,1913992,whoscored,,False,False,False,False,,False,Attacking_Center,True,Goal,293,,5.81,,,,0.0,0.0,False,307,Villarreal,False,False,,Offensive,17,0.6284034252166748,Foot
1913992,SecondHalf,63.0,28.0,66,SavedShot,Successful,55,Valencia,323625.0,Arnaut Danjuma,75.7,71.1,,,51.9,8.9,98.8,51.3,"[{'type': {'displayName': 'RelatedEventId', 'value': 55}, 'value': '595'}, {'type': {'displayName': 'BlockedY', 'value': 147}, 'value': '51.3'}, {'type': {'displayName': 'Zone', 'value': 56}, 'value': 'Center'}, {'type': {'displayName': 'OppositeRelatedEvent', 'value': 233}, 'value': '551'}, {'type': {'displayName': 'Assisted', 'value': 29}}, {'type': {'displayName': 'LowLeft', 'value': 76}}, {'type': {'displayName': 'OutOfBoxCentre', 'value': 18}}, {'type': {'displayName': 'GoalMouthY', 'value': 102}, 'value': '51.9'}, {'type': {'displayName': 'RightFoot', 'value': 20}}, {'type': {'displayName': 'BlockedX', 'value': 146}, 'value': '98.8'}, {'type': {'displayName': 'RegularPlay', 'value': 22}}, {'type': {'displayName': 'GoalMouthZ', 'value': 103}, 'value': '8.9'}]",True,True,False,,595.0,444252.0,1913992,whoscored,,False,False,False,False,,False,Attacking_Right,True,SavedShot,318,,32.18,,,,0.0,0.0,False,332,Valencia,False,False,,Neutral,15,0.0178881287574768,Foot
1913992,SecondHalf,64.0,23.0,67,MissedShots,Successful,839,Villarreal,399047.0,Pape Gueye,74.0,43.8,,,53.4,65.3,,,"[{'type': {'displayName': 'IndividualPlay', 'value': 215}}, {'type': {'displayName': 'LeftFoot', 'value': 72}}, {'type': {'displayName': 'GoalMouthZ', 'value': 103}, 'value': '65.3'}, {'type': {'displayName': 'Zone', 'value': 56}, 'value': 'Center'}, {'type': {'displayName': 'RegularPlay', 'value': 22}}, {'type': {'displayName': 'MissHigh', 'value': 74}}, {'type': {'displayName': 'GoalMouthY', 'value': 102}, 'value': '53.4'}, {'type': {'displayName': 'OutOfBoxCentre', 'value': 18}}]",True,True,False,,,,1913992,whoscored,,False,False,False,False,,False,Attacking_Center,True,MissedShots,325,,26.73,,,,0.0,0.0,False,339,Villarreal,False,False,,Neutral,14,0.0189769454300403,Foot
1913992,SecondHalf,66.0,48.0,69,SavedShot,Successful,839,Villarreal,389020.0,Georges Mikautadze,92.3,66.2,,,51.0,1.9,98.2,54.7,"[{'type': {'displayName': 'BoxLeft', 'value': 64}}, {'type': {'displayName': 'BigChance', 'value': 214}}, {'type': {'displayName': 'BlockedY', 'value': 147}, 'value': '54.7'}, {'type': {'displayName': 'Zone', 'value': 56}, 'value': 'Center'}, {'type': {'displayName': 'LowCentre', 'value': 78}}, {'type': {'displayName': 'FastBreak', 'value': 23}}, {'type': {'displayName': 'Assisted', 'value': 29}}, {'type': {'displayName': 'IntentionalAssist', 'value': 154}}, {'type': {'displayName': 'LeftFoot', 'value': 72}}, {'type': {'displayName': 'GoalMouthY', 'value': 102}, 'value': '51.0'}, {'type': {'displayName': 'GoalMouthZ', 'value': 103}, 'value': '1.9'}, {'type': {'displayName': 'BlockedX', 'value': 146}, 'value': '98.2'}, {'type': {'displayName': 'RelatedEventId', 'value': 55}, 'value': '583'}, {'type': {'displayName': 'OppositeRelatedEvent', 'value': 233}, 'value': '633'}]",True,True,False,,583.0,239872.0,1913992,whoscored,,False,False,False,False,,False,Attacking_Center,True,SavedShot,341,,17.94,,,,0.0,0.0,False,355,Villarreal,False,False,,Neutral,17,0.2609497308731079,Foot
1913992,SecondHalf,69.0,25.0,72,SavedShot,Successful,55,Valencia,323625.0,Arnaut Danjuma,91.1,46.0,,,51.9,5.1,98.1,48.9,"[{'type': {'displayName': 'BlockedY', 'value': 147}, 'value': '48.9'}, {'type': {'displayName': 'LowLeft', 'value': 76}}, {'type': {'displayName': 'GoalMouthY', 'value': 102}, 'value': '51.9'}, {'type': {'displayName': 'Zone', 'value': 56}, 'value': 'Center'}, {'type': {'displayName': 'GoalMouthZ', 'value': 103}, 'value': '5.1'}, {'type': {'displayName': 'OppositeRelatedEvent', 'value': 233}, 'value': '595'}, {'type': {'displayName': 'BoxCentre', 'value': 17}}, {'type': {'displayName': 'RegularPlay', 'value': 22}}, {'type': {'displayName': 'IndividualPlay', 'value': 215}}, {'type': {'displayName': 'BlockedX', 'value': 146}, 'value': '98.1'}, {'type': {'displayName': 'RightFoot', 'value': 20}}]",True,True,False,,,,1913992,whoscored,,False,False,False,False,,False,Attacking_Center,True,SavedShot,352,,9.76,,,,0.0,0.0,False,366,Valencia,False,False,,Neutral,17,0.0754218697547912,Foot
1913992,SecondHalf,77.0,38.0,80,SavedShot,Successful,839,Villarreal,389020.0,Georges Mikautadze,92.0,58.5,,,51.8,5.1,98.2,52.0,"[{'type': {'displayName': 'IntentionalAssist', 'value': 154}}, {'type': {'displayName': 'OtherBodyPart', 'value': 21}}, {'type': {'displayName': 'RelatedEventId', 'value': 55}, 'value': '659'}, {'type': {'displayName': 'RegularPlay', 'value': 22}}, {'type': {'displayName': 'Volley', 'value': 108}}, {'type': {'displayName': 'Zone', 'value': 56}, 'value': 'Center'}, {'type': {'displayName': 'FirstTouch', 'value': 328}}, {'type': {'displayName': 'BoxCentre', 'value': 17}}, {'type': {'displayName': 'BlockedY', 'value': 147}, 'value': '52.0'}, {'type': {'displayName': 'GoalMouthY', 'value': 102}, 'value': '51.8'}, {'type': {'displayName': 'GoalMouthZ', 'value': 103}, 'value': '5.1'}, {'type': {'displayName': 'OppositeRelatedEvent', 'value': 233}, 'value': '761'}, {'type': {'displayName': 'LowCentre', 'value': 78}}, {'type': {'displayName': 'BlockedX', 'value': 146}, 'value': '98.2'}, {'type': {'displayName': 'Assisted', 'value': 29}}]",True,True,False,,659.0,448209.0,1913992,whoscored,,False,False,False,False,,False,Attacking_Center,True,SavedShot,403,,11.67,,,,0.0,0.0,False,417,Villarreal,False,False,,Neutral,17,0.0972539559006691,Foot
1913992,SecondHalf,90.0,7.0,93,MissedShots,Successful,839,Villarreal,428500.0,Ilias Akhomach,95.8,42.6,,,48.7,79.2,,,"[{'type': {'displayName': 'Head', 'value': 15}}, {'type': {'displayName': 'GoalMouthZ', 'value': 103}, 'value': '79.2'}, {'type': {'displayName': 'GoalMouthY', 'value': 102}, 'value': '48.7'}, {'type': {'displayName': 'SmallBoxRight', 'value': 60}}, {'type': {'displayName': 'MissHigh', 'value': 74}}, {'type': {'displayName': 'Zone', 'value': 56}, 'value': 'Center'}, {'type': {'displayName': 'Assisted', 'value': 29}}, {'type': {'displayName': 'BigChance', 'value': 214}}, {'type': {'displayName': 'RegularPlay', 'value': 22}}, {'type': {'displayName': 'FirstTouch', 'value': 328}}, {'type': {'displayName': 'IntentionalAssist', 'value': 154}}, {'type': {'displayName': 'RelatedEventId', 'value': 55}, 'value': '770'}]",True,True,False,,770.0,371027.0,1913992,whoscored,,False,False,False,False,Head,False,Attacking_Center,True,MissedShots,459,,8.51,,,,0.0,0.0,False,473,Villarreal,False,False,,Neutral,17,0.4625488519668579,Head
1913992,SecondHalf,92.0,4.0,95,SavedShot,Successful,839,Villarreal,428500.0,Ilias Akhomach,87.0,34.4,,,50.4,5.6,90.3,38.4,"[{'type': {'displayName': 'OppositeRelatedEvent', 'value': 233}, 'value': '893'}, {'type': {'displayName': 'Blocked', 'value': 82}}, {'type': {'displayName': 'Zone', 'value': 56}, 'value': 'Center'}, {'type': {'displayName': 'GoalMouthY', 'value': 102}, 'value': '50.4'}, {'type': {'displayName': 'LeftFoot', 'value': 72}}, {'type': {'displayName': 'BoxRight', 'value': 63}}, {'type': {'displayName': 'Assisted', 'value': 29}}, {'type': {'displayName': 'IntentionalAssist', 'value': 154}}, {'type': {'displayName': 'RelatedEventId', 'value': 55}, 'value': '788'}, {'type': {'displayName': 'RegularPlay', 'value': 22}}, {'type': {'displayName': 'BlockedY', 'value': 147}, 'value': '38.4'}, {'type': {'displayName': 'BlockedX', 'value': 146}, 'value': '90.3'}, {'type': {'displayName': 'LowCentre', 'value': 78}}, {'type': {'displayName': 'GoalMouthZ', 'value': 103}, 'value': '5.6'}]",True,True,False,,788.0,135366.0,1913992,whoscored,,False,False,False,False,,False,Attacking_Center,True,SavedShot,465,,20.31,,,,0.0,0.0,False,479,Villarreal,False,False,,Neutral,17,0.0947503447532653,Foot
1913992,SecondHalf,92.0,54.0,95,MissedShots,Successful,55,Valencia,422656.0,Diego López,93.4,28.8,,,62.7,95.8,,,"[{'type': {'displayName': 'IntentionalAssist', 'value': 154}}, {'type': {'displayName': 'FirstTouch', 'value': 328}}, {'type': {'displayName': 'RelatedEventId', 'value': 55}, 'value': '902'}, {'type': {'displayName': 'GoalMouthY', 'value': 102}, 'value': '62.7'}, {'type': {'displayName': 'GoalMouthZ', 'value': 103}, 'value': '95.8'}, {'type': {'displayName': 'RegularPlay', 'value': 22}}, {'type': {'displayName': 'Assisted', 'value': 29}}, {'type': {'displayName': 'RightFoot', 'value': 20}}, {'type': {'displayName': 'HighLeft', 'value': 77}}, {'type': {'displayName': 'Zone', 'value': 56}, 'value': 'Center'}, {'type': {'displayName': 'BoxRight', 'value': 63}}]",True,True,False,,902.0,323625.0,1913992,whoscored,,False,False,False,False,,False,Attacking_Left,True,MissedShots,470,,22.2,,,,0.0,0.0,False,484,Valencia,False,False,,Neutral,16,0.0168113615363836,Foot
1913992,SecondHalf,94.0,58.0,97,SavedShot,Successful,55,Valencia,334221.0,Dani Raba,88.1,34.2,,,49.9,19.0,89.5,36.1,"[{'type': {'displayName': 'Blocked', 'value': 82}}, {'type': {'displayName': 'BlockedY', 'value': 147}, 'value': '36.1'}, {'type': {'displayName': 'OppositeRelatedEvent', 'value': 233}, 'value': '824'}, {'type': {'displayName': 'Assisted', 'value': 29}}, {'type': {'displayName': 'LowCentre', 'value': 78}}, {'type': {'displayName': 'BlockedX', 'value': 146}, 'value': '89.5'}, {'type': {'displayName': 'GoalMouthY', 'value': 102}, 'value': '49.9'}, {'type': {'displayName': 'BoxRight', 'value': 63}}, {'type': {'displayName': 'Zone', 'value': 56}, 'value': 'Center'}, {'type': {'displayName': 'RelatedEventId', 'value': 55}, 'value': '920'}, {'type': {'displayName': 'RegularPlay', 'value': 22}}, {'type': {'displayName': 'GoalMouthZ', 'value': 103}, 'value': '19'}, {'type': {'displayName': 'LeftFoot', 'value': 72}}, {'type': {'displayName': 'IndividualPlay', 'value': 215}}]",True,True,False,,920.0,236558.0,1913992,whoscored,,False,False,False,False,,False,Attacking_Center,True,SavedShot,482,,19.78,,,,0.0,0.0,False,496,Valencia,False,False,,Neutral,17,0.0291448626667261,Foot
1913992,SecondHalf,95.0,2.0,98,SavedShot,Successful,55,Valencia,322246.0,André Almeida,87.1,58.9,,,51.9,19.0,89.1,57.8,"[{'type': {'displayName': 'GoalMouthZ', 'value': 103}, 'value': '19'}, {'type': {'displayName': 'GoalMouthY', 'value': 102}, 'value': '51.9'}, {'type': {'displayName': 'BlockedX', 'value': 146}, 'value': '89.1'}, {'type': {'displayName': 'RegularPlay', 'value': 22}}, {'type': {'displayName': 'LowLeft', 'value': 76}}, {'type': {'displayName': 'OppositeRelatedEvent', 'value': 233}, 'value': '827'}, {'type': {'displayName': 'LeftFoot', 'value': 72}}, {'type': {'displayName': 'Zone', 'value': 56}, 'value': 'Center'}, {'type': {'displayName': 'Blocked', 'value': 82}}, {'type': {'displayName': 'FirstTouch', 'value': 328}}, {'type': {'displayName': 'Volley', 'value': 108}}, {'type': {'displayName': 'BlockedY', 'value': 147}, 'value': '57.8'}, {'type': {'displayName': 'BoxCentre', 'value': 17}}]",True,True,False,,,,1913992,whoscored,,False,False,False,False,,False,Attacking_Center,True,SavedShot,486,,15.67,,,,0.0,0.0,False,500,Valencia,False,False,,Neutral,17,0.035928338766098,Foot
