record_type,team,source_player,target_player,connection_strength,avg_x_start,avg_y_start,avg_x_end,avg_y_end,avg_xthreat,progressive_passes,box_entries,pass_distance_avg,connection_id,total_actions,minutes_active,position_variance_x,position_variance_y,xthreat_total
connection,Inter Miami,Baltasar Rodríguez,Jordi Alba,1,61.9,89.9,54.8,85.3,-0.1431,0,0,8.46,Inter Miami_Baltasar Rodríguez_Jordi Alba,,,,,
connection,Inter Miami,Baltasar Rodríguez,Mateo Silvetti,1,68.8,96.1,59.5,90.8,-0.0083,0,0,10.7,Inter Miami_Baltasar Rodríguez_Mateo Silvetti,,,,,
connection,Inter Miami,Baltasar Rodríguez,Maximiliano Falcón,1,36.6,69.7,28.5,43.2,-0.1092,0,0,27.71,Inter Miami_Baltasar Rodríguez_Maximiliano Falcón,,,,,
connection,Inter Miami,Baltasar Rodríguez,Rocco Ríos Novo,1,29.4,49.7,4.4,50.9,-0.0401,0,0,25.03,Inter Miami_Baltasar Rodríguez_Rocco Ríos Novo,,,,,
connection,Inter Miami,Baltasar Rodríguez,Rodrigo De Paul,4,48.48,53.8,48.55,41.35,-0.0562,0,0,12.76,Inter Miami_Baltasar Rodríguez_Rodrigo De Paul,,,,,
connection,Inter Miami,Baltasar Rodríguez,Sergio Busquets,1,74.8,85.9,68.7,70.9,-0.0555,0,0,16.19,Inter Miami_Baltasar Rodríguez_Sergio Busquets,,,,,
connection,Inter Miami,Ian Fray,Jordi Alba,1,29.4,10.4,33.5,79.1,0.1685,0,0,68.82,Inter Miami_Ian Fray_Jordi Alba,,,,,
connection,Inter Miami,Ian Fray,Lionel Messi,2,49.3,10.9,54.2,17.9,0.0232,0,0,13.26,Inter Miami_Ian Fray_Lionel Messi,,,,,
connection,Inter Miami,Ian Fray,Maximiliano Falcón,6,35.65,3.77,23.4,21.83,0.0007,0,0,22.41,Inter Miami_Ian Fray_Maximiliano Falcón,,,,,
connection,Inter Miami,Ian Fray,Rodrigo De Paul,4,27.7,8.28,31.98,17.48,0.0089,0,0,14.07,Inter Miami_Ian Fray_Rodrigo De Paul,,,,,
connection,Inter Miami,Ian Fray,Sergio Busquets,4,41.15,18.48,44.85,36.72,0.0643,1,0,20.09,Inter Miami_Ian Fray_Sergio Busquets,,,,,
connection,Inter Miami,Ian Fray,Tadeo Allende,1,85.9,0.0,92.3,12.4,0.003,1,0,13.95,Inter Miami_Ian Fray_Tadeo Allende,,,,,
connection,Inter Miami,Jordi Alba,Baltasar Rodríguez,4,49.55,84.95,62.7,87.82,0.1008,2,0,15.96,Inter Miami_Jordi Alba_Baltasar Rodríguez,,,,,
connection,Inter Miami,Jordi Alba,Lionel Messi,3,49.9,73.63,61.13,40.07,-0.1795,2,0,37.58,Inter Miami_Jordi Alba_Lionel Messi,,,,,
connection,Inter Miami,Jordi Alba,Mateo Silvetti,4,30.22,94.55,45.78,89.08,0.0804,1,0,17.92,Inter Miami_Jordi Alba_Mateo Silvetti,,,,,
connection,Inter Miami,Jordi Alba,Maximiliano Falcón,1,32.4,93.1,27.9,29.0,-0.2401,0,0,64.26,Inter Miami_Jordi Alba_Maximiliano Falcón,,,,,
connection,Inter Miami,Jordi Alba,Noah Allen,2,37.85,94.15,25.6,81.9,-0.2019,0,0,17.41,Inter Miami_Jordi Alba_Noah Allen,,,,,
connection,Inter Miami,Jordi Alba,Rocco Ríos Novo,1,32.5,55.4,4.1,42.2,-0.0689,0,0,31.32,Inter Miami_Jordi Alba_Rocco Ríos Novo,,,,,
connection,Inter Miami,Jordi Alba,Rodrigo De Paul,3,42.03,84.2,47.3,68.17,-0.099,1,0,19.25,Inter Miami_Jordi Alba_Rodrigo De Paul,,,,,
connection,Inter Miami,Jordi Alba,Sergio Busquets,3,53.33,94.8,50.2,78.03,-0.0968,0,0,17.47,Inter Miami_Jordi Alba_Sergio Busquets,,,,,
connection,Inter Miami,Jordi Alba,Telasco Segovia,3,63.47,96.87,66.1,85.03,-0.1943,2,0,14.53,Inter Miami_Jordi Alba_Telasco Segovia,,,,,
connection,Inter Miami,Jordi Alba,Yannick Bright,2,36.55,92.3,61.3,88.1,0.1129,2,0,29.46,Inter Miami_Jordi Alba_Yannick Bright,,,,,
connection,Inter Miami,Lionel Messi,Ian Fray,2,35.65,16.9,35.45,9.8,-0.0037,0,0,16.8,Inter Miami_Lionel Messi_Ian Fray,,,,,
connection,Inter Miami,Lionel Messi,Jordi Alba,1,72.6,36.0,87.4,93.8,0.2005,0,0,59.66,Inter Miami_Lionel Messi_Jordi Alba,,,,,
connection,Inter Miami,Lionel Messi,Noah Allen,1,50.1,49.9,26.0,73.9,-0.0243,0,0,34.01,Inter Miami_Lionel Messi_Noah Allen,,,,,
connection,Inter Miami,Lionel Messi,Rodrigo De Paul,7,53.84,23.77,58.71,20.46,-0.0074,2,1,17.34,Inter Miami_Lionel Messi_Rodrigo De Paul,,,,,
connection,Inter Miami,Lionel Messi,Sergio Busquets,3,66.4,23.17,67.3,39.63,0.0331,1,1,24.3,Inter Miami_Lionel Messi_Sergio Busquets,,,,,
connection,Inter Miami,Lionel Messi,Tadeo Allende,3,59.27,32.97,73.87,33.93,-0.0205,2,1,15.44,Inter Miami_Lionel Messi_Tadeo Allende,,,,,
connection,Inter Miami,Marcelo Weigandt,Rodrigo De Paul,1,42.6,9.6,58.4,8.9,0.0127,1,0,15.82,Inter Miami_Marcelo Weigandt_Rodrigo De Paul,,,,,
connection,Inter Miami,Marcelo Weigandt,Tadeo Allende,1,24.2,10.4,37.3,7.2,0.0107,0,0,13.49,Inter Miami_Marcelo Weigandt_Tadeo Allende,,,,,
connection,Inter Miami,Mateo Silvetti,Baltasar Rodríguez,2,35.6,92.15,32.2,86.45,-0.0818,0,0,8.1,Inter Miami_Mateo Silvetti_Baltasar Rodríguez,,,,,
connection,Inter Miami,Mateo Silvetti,Lionel Messi,1,42.5,75.0,45.3,27.8,-0.1714,0,0,47.28,Inter Miami_Mateo Silvetti_Lionel Messi,,,,,
connection,Inter Miami,Mateo Silvetti,Sergio Busquets,1,62.3,87.6,58.3,72.4,-0.2241,0,0,15.72,Inter Miami_Mateo Silvetti_Sergio Busquets,,,,,
connection,Inter Miami,Maximiliano Falcón,Ian Fray,7,30.64,24.37,36.44,9.31,-0.0104,0,0,19.4,Inter Miami_Maximiliano Falcón_Ian Fray,,,,,
connection,Inter Miami,Maximiliano Falcón,Mateo Silvetti,1,76.6,79.7,90.5,75.7,-0.1298,1,1,14.46,Inter Miami_Maximiliano Falcón_Mateo Silvetti,,,,,
connection,Inter Miami,Maximiliano Falcón,Noah Allen,2,28.35,42.45,27.4,72.8,0.0734,0,0,30.39,Inter Miami_Maximiliano Falcón_Noah Allen,,,,,
connection,Inter Miami,Maximiliano Falcón,Rocco Ríos Novo,5,20.76,28.08,5.16,48.72,-0.0016,0,0,29.02,Inter Miami_Maximiliano Falcón_Rocco Ríos Novo,,,,,
connection,Inter Miami,Maximiliano Falcón,Rodrigo De Paul,5,28.2,23.78,38.28,12.76,0.0046,0,0,17.29,Inter Miami_Maximiliano Falcón_Rodrigo De Paul,,,,,
connection,Inter Miami,Maximiliano Falcón,Sergio Busquets,1,56.3,32.2,66.9,40.4,0.025,1,0,13.4,Inter Miami_Maximiliano Falcón_Sergio Busquets,,,,,
connection,Inter Miami,Maximiliano Falcón,Tadeo Allende,3,20.77,13.7,38.03,6.23,0.0107,1,0,19.46,Inter Miami_Maximiliano Falcón_Tadeo Allende,,,,,
connection,Inter Miami,Maximiliano Falcón,Telasco Segovia,1,26.2,28.6,38.6,80.5,0.2073,0,0,53.36,Inter Miami_Maximiliano Falcón_Telasco Segovia,,,,,
connection,Inter Miami,Noah Allen,Baltasar Rodríguez,1,26.2,71.9,42.4,91.1,0.2509,0,0,25.12,Inter Miami_Noah Allen_Baltasar Rodríguez,,,,,
connection,Inter Miami,Noah Allen,Ian Fray,1,36.8,72.2,67.4,7.9,-0.1311,1,0,71.21,Inter Miami_Noah Allen_Ian Fray,,,,,
connection,Inter Miami,Noah Allen,Jordi Alba,4,20.95,67.1,27.9,90.75,0.1458,0,0,24.79,Inter Miami_Noah Allen_Jordi Alba,,,,,
connection,Inter Miami,Noah Allen,Lionel Messi,1,11.1,59.3,46.6,7.0,-0.0069,1,0,63.21,Inter Miami_Noah Allen_Lionel Messi,,,,,
connection,Inter Miami,Noah Allen,Mateo Silvetti,3,11.1,83.37,42.63,80.9,0.1953,3,0,34.2,Inter Miami_Noah Allen_Mateo Silvetti,,,,,
connection,Inter Miami,Noah Allen,Maximiliano Falcón,2,43.2,72.55,38.4,41.45,-0.1468,0,0,31.48,Inter Miami_Noah Allen_Maximiliano Falcón,,,,,
connection,Inter Miami,Noah Allen,Rocco Ríos Novo,7,27.96,65.8,12.9,49.6,-0.0929,0,0,24.62,Inter Miami_Noah Allen_Rocco Ríos Novo,,,,,
connection,Inter Miami,Noah Allen,Rodrigo De Paul,2,33.3,42.8,39.85,31.0,-0.0509,0,0,16.05,Inter Miami_Noah Allen_Rodrigo De Paul,,,,,
connection,Inter Miami,Noah Allen,Sergio Busquets,3,22.93,61.57,29.47,58.0,0.0069,0,0,19.22,Inter Miami_Noah Allen_Sergio Busquets,,,,,
connection,Inter Miami,Noah Allen,Telasco Segovia,1,19.2,47.2,32.2,71.9,0.105,0,0,27.91,Inter Miami_Noah Allen_Telasco Segovia,,,,,
connection,Inter Miami,Rocco Ríos Novo,Ian Fray,1,3.1,47.7,8.2,12.6,-0.0128,0,0,35.47,Inter Miami_Rocco Ríos Novo_Ian Fray,,,,,
connection,Inter Miami,Rocco Ríos Novo,Mateo Silvetti,1,5.1,50.1,56.8,91.4,0.5522,1,0,66.17,Inter Miami_Rocco Ríos Novo_Mateo Silvetti,,,,,
connection,Inter Miami,Rocco Ríos Novo,Maximiliano Falcón,7,7.63,49.64,10.66,20.23,-0.0153,0,0,29.67,Inter Miami_Rocco Ríos Novo_Maximiliano Falcón,,,,,
connection,Inter Miami,Rocco Ríos Novo,Noah Allen,10,8.96,48.54,12.26,75.58,0.0439,0,0,27.36,Inter Miami_Rocco Ríos Novo_Noah Allen,,,,,
connection,Inter Miami,Rocco Ríos Novo,Rodrigo De Paul,1,11.4,52.4,22.4,15.8,-0.0173,0,0,38.22,Inter Miami_Rocco Ríos Novo_Rodrigo De Paul,,,,,
connection,Inter Miami,Rocco Ríos Novo,Sergio Busquets,1,6.2,48.7,24.8,46.9,0.0238,0,0,18.69,Inter Miami_Rocco Ríos Novo_Sergio Busquets,,,,,
connection,Inter Miami,Rocco Ríos Novo,Tadeo Allende,4,5.85,46.75,51.15,17.6,0.0294,4,0,54.57,Inter Miami_Rocco Ríos Novo_Tadeo Allende,,,,,
connection,Inter Miami,Rodrigo De Paul,Baltasar Rodríguez,1,77.7,8.9,73.3,73.9,0.2353,0,0,65.15,Inter Miami_Rodrigo De Paul_Baltasar Rodríguez,,,,,
connection,Inter Miami,Rodrigo De Paul,Ian Fray,6,41.73,28.02,39.62,8.57,-0.035,0,0,24.76,Inter Miami_Rodrigo De Paul_Ian Fray,,,,,
connection,Inter Miami,Rodrigo De Paul,Jordi Alba,1,33.0,42.3,34.0,75.4,0.1127,0,0,33.12,Inter Miami_Rodrigo De Paul_Jordi Alba,,,,,
connection,Inter Miami,Rodrigo De Paul,Lionel Messi,5,51.28,23.28,53.84,21.8,-0.0088,1,0,16.24,Inter Miami_Rodrigo De Paul_Lionel Messi,,,,,
connection,Inter Miami,Rodrigo De Paul,Mateo Silvetti,1,72.7,66.2,92.7,78.2,-0.0696,1,1,23.32,Inter Miami_Rodrigo De Paul_Mateo Silvetti,,,,,
connection,Inter Miami,Rodrigo De Paul,Maximiliano Falcón,3,35.7,10.97,26.73,27.13,0.0011,0,0,18.8,Inter Miami_Rodrigo De Paul_Maximiliano Falcón,,,,,
connection,Inter Miami,Rodrigo De Paul,Noah Allen,6,40.05,36.72,33.23,62.9,0.0721,0,0,29.45,Inter Miami_Rodrigo De Paul_Noah Allen,,,,,
connection,Inter Miami,Rodrigo De Paul,Rocco Ríos Novo,1,28.4,25.3,8.0,45.7,-0.0041,0,0,28.85,Inter Miami_Rodrigo De Paul_Rocco Ríos Novo,,,,,
connection,Inter Miami,Rodrigo De Paul,Sergio Busquets,4,35.45,32.48,34.25,50.25,0.0422,0,0,18.31,Inter Miami_Rodrigo De Paul_Sergio Busquets,,,,,
connection,Inter Miami,Rodrigo De Paul,Tadeo Allende,5,38.48,20.08,49.46,13.02,-0.0085,1,0,17.11,Inter Miami_Rodrigo De Paul_Tadeo Allende,,,,,
connection,Inter Miami,Rodrigo De Paul,Yannick Bright,1,56.1,69.2,54.7,79.7,0.0996,0,0,10.59,Inter Miami_Rodrigo De Paul_Yannick Bright,,,,,
connection,Inter Miami,Sergio Busquets,Baltasar Rodríguez,3,40.6,55.33,43.93,78.0,0.1505,0,0,22.96,Inter Miami_Sergio Busquets_Baltasar Rodríguez,,,,,
connection,Inter Miami,Sergio Busquets,Ian Fray,1,28.4,59.1,32.7,6.7,-0.0624,0,0,52.58,Inter Miami_Sergio Busquets_Ian Fray,,,,,
connection,Inter Miami,Sergio Busquets,Jordi Alba,4,38.53,50.95,45.55,80.23,0.1805,1,0,33.84,Inter Miami_Sergio Busquets_Jordi Alba,,,,,
connection,Inter Miami,Sergio Busquets,Lionel Messi,5,27.9,45.66,47.58,34.24,0.0041,2,0,25.51,Inter Miami_Sergio Busquets_Lionel Messi,,,,,
connection,Inter Miami,Sergio Busquets,Mateo Silvetti,1,22.8,77.5,32.5,92.1,0.1472,0,0,17.53,Inter Miami_Sergio Busquets_Mateo Silvetti,,,,,
connection,Inter Miami,Sergio Busquets,Maximiliano Falcón,2,25.65,60.05,24.05,29.4,-0.0505,0,0,30.8,Inter Miami_Sergio Busquets_Maximiliano Falcón,,,,,
connection,Inter Miami,Sergio Busquets,Rocco Ríos Novo,1,14.2,75.9,4.9,54.9,-0.0486,0,0,22.97,Inter Miami_Sergio Busquets_Rocco Ríos Novo,,,,,
connection,Inter Miami,Sergio Busquets,Rodrigo De Paul,5,39.5,60.9,40.62,44.46,-0.0493,0,0,17.01,Inter Miami_Sergio Busquets_Rodrigo De Paul,,,,,
connection,Inter Miami,Sergio Busquets,Telasco Segovia,1,36.4,51.6,44.7,54.8,0.0461,0,0,8.9,Inter Miami_Sergio Busquets_Telasco Segovia,,,,,
connection,Inter Miami,Sergio Busquets,Yannick Bright,1,51.5,24.0,55.1,46.7,0.0813,0,0,22.98,Inter Miami_Sergio Busquets_Yannick Bright,,,,,
connection,Inter Miami,Tadeo Allende,Ian Fray,2,63.85,8.45,59.8,11.9,0.0018,0,0,12.18,Inter Miami_Tadeo Allende_Ian Fray,,,,,
connection,Inter Miami,Tadeo Allende,Lionel Messi,1,71.2,12.1,72.4,20.3,0.0108,0,0,8.29,Inter Miami_Tadeo Allende_Lionel Messi,,,,,
connection,Inter Miami,Tadeo Allende,Mateo Silvetti,1,97.1,26.0,89.5,41.7,0.0314,0,0,17.44,Inter Miami_Tadeo Allende_Mateo Silvetti,,,,,
connection,Inter Miami,Telasco Segovia,Jordi Alba,6,43.45,78.82,41.43,86.2,0.0601,0,0,15.81,Inter Miami_Telasco Segovia_Jordi Alba,,,,,
connection,Inter Miami,Telasco Segovia,Maximiliano Falcón,1,58.4,89.4,52.3,63.8,-0.3248,0,0,26.32,Inter Miami_Telasco Segovia_Maximiliano Falcón,,,,,
connection,Inter Miami,Telasco Segovia,Sergio Busquets,2,24.6,78.75,25.3,67.6,-0.0389,0,0,11.18,Inter Miami_Telasco Segovia_Sergio Busquets,,,,,
connection,Inter Miami,Telasco Segovia,Yannick Bright,1,65.1,86.1,60.4,86.4,0.0055,0,0,4.71,Inter Miami_Telasco Segovia_Yannick Bright,,,,,
connection,Inter Miami,Yannick Bright,Jordi Alba,1,55.1,46.7,56.8,87.8,0.3701,0,0,41.14,Inter Miami_Yannick Bright_Jordi Alba,,,,,
connection,Inter Miami,Yannick Bright,Noah Allen,1,60.4,86.4,39.0,83.7,-0.2671,0,0,21.57,Inter Miami_Yannick Bright_Noah Allen,,,,,
connection,Inter Miami,Yannick Bright,Sergio Busquets,1,54.7,79.7,43.5,67.5,-0.2062,0,0,16.56,Inter Miami_Yannick Bright_Sergio Busquets,,,,,
connection,Vancouver,Ali Ahmed,Andrés Cubas,4,61.28,95.28,54.75,78.6,-0.1404,0,0,18.16,Vancouver_Ali Ahmed_Andrés Cubas,,,,,
connection,Vancouver,Ali Ahmed,Brian White,1,73.0,74.8,80.7,67.5,-0.1064,1,0,10.61,Vancouver_Ali Ahmed_Brian White,,,,,
connection,Vancouver,Ali Ahmed,Mathías Laborda,5,60.4,95.04,53.92,94.0,-0.0403,0,0,10.42,Vancouver_Ali Ahmed_Mathías Laborda,,,,,
connection,Vancouver,Ali Ahmed,Ralph Priso,2,40.1,92.6,28.0,83.8,-0.174,0,0,15.6,Vancouver_Ali Ahmed_Ralph Priso,,,,,
connection,Vancouver,Ali Ahmed,Sebastian Berhalter,4,65.45,66.95,73.5,54.45,-0.1462,2,1,16.84,Vancouver_Ali Ahmed_Sebastian Berhalter,,,,,
connection,Vancouver,Ali Ahmed,Thomas Müller,2,75.85,92.8,76.15,76.6,-0.1721,1,1,16.44,Vancouver_Ali Ahmed_Thomas Müller,,,,,
connection,Vancouver,Andrés Cubas,Ali Ahmed,4,56.92,63.72,61.32,72.5,0.14,0,0,23.67,Vancouver_Andrés Cubas_Ali Ahmed,,,,,
connection,Vancouver,Andrés Cubas,Emmanuel Sabbi,3,54.03,48.03,61.87,20.0,-0.0544,0,0,29.72,Vancouver_Andrés Cubas_Emmanuel Sabbi,,,,,
connection,Vancouver,Andrés Cubas,Mathías Laborda,15,49.35,54.61,52.59,85.05,0.2468,0,0,31.01,Vancouver_Andrés Cubas_Mathías Laborda,,,,,
connection,Vancouver,Andrés Cubas,Ralph Priso,13,46.05,63.85,43.1,70.3,0.0149,0,0,18.33,Vancouver_Andrés Cubas_Ralph Priso,,,,,
connection,Vancouver,Andrés Cubas,Sebastian Berhalter,12,52.13,61.71,51.78,55.14,-0.0581,1,1,15.26,Vancouver_Andrés Cubas_Sebastian Berhalter,,,,,
connection,Vancouver,Andrés Cubas,Thomas Müller,4,50.7,65.28,58.12,55.15,-0.0241,0,0,14.99,Vancouver_Andrés Cubas_Thomas Müller,,,,,
connection,Vancouver,Andrés Cubas,Tristan Blackmon,15,47.64,57.1,46.28,38.55,-0.0911,0,0,20.2,Vancouver_Andrés Cubas_Tristan Blackmon,,,,,
connection,Vancouver,Andrés Cubas,Édier Ocampo,4,54.0,36.25,61.58,4.97,-0.0587,0,0,32.58,Vancouver_Andrés Cubas_Édier Ocampo,,,,,
connection,Vancouver,Brian White,Sebastian Berhalter,3,49.27,48.37,33.87,41.27,-0.0671,0,0,24.59,Vancouver_Brian White_Sebastian Berhalter,,,,,
connection,Vancouver,Brian White,Thomas Müller,3,81.8,60.17,78.6,61.23,0.0263,0,0,4.43,Vancouver_Brian White_Thomas Müller,,,,,
connection,Vancouver,Brian White,Tristan Blackmon,1,50.2,50.0,33.8,38.9,-0.088,0,0,19.8,Vancouver_Brian White_Tristan Blackmon,,,,,
connection,Vancouver,Emmanuel Sabbi,Andrés Cubas,4,62.28,41.1,57.72,55.78,0.0598,0,0,21.93,Vancouver_Emmanuel Sabbi_Andrés Cubas,,,,,
connection,Vancouver,Emmanuel Sabbi,Brian White,1,75.5,17.1,82.3,39.7,0.0232,1,0,23.6,Vancouver_Emmanuel Sabbi_Brian White,,,,,
connection,Vancouver,Emmanuel Sabbi,Joedrick Pupe,1,75.8,85.4,61.5,75.7,0.0662,0,0,17.28,Vancouver_Emmanuel Sabbi_Joedrick Pupe,,,,,
connection,Vancouver,Emmanuel Sabbi,Kenji Cabrera,1,60.6,97.1,63.5,82.9,-0.2187,0,0,14.49,Vancouver_Emmanuel Sabbi_Kenji Cabrera,,,,,
connection,Vancouver,Emmanuel Sabbi,Mathías Laborda,1,54.0,34.0,53.5,72.1,0.2117,0,0,38.1,Vancouver_Emmanuel Sabbi_Mathías Laborda,,,,,
connection,Vancouver,Emmanuel Sabbi,Sebastian Berhalter,3,67.47,16.13,65.13,32.27,0.0356,0,0,16.31,Vancouver_Emmanuel Sabbi_Sebastian Berhalter,,,,,
connection,Vancouver,Emmanuel Sabbi,Thomas Müller,3,59.3,3.8,63.4,10.47,0.0111,1,0,10.55,Vancouver_Emmanuel Sabbi_Thomas Müller,,,,,
connection,Vancouver,Emmanuel Sabbi,Tristan Blackmon,3,54.37,18.4,47.0,22.57,-0.0171,0,0,16.29,Vancouver_Emmanuel Sabbi_Tristan Blackmon,,,,,
connection,Vancouver,Emmanuel Sabbi,Édier Ocampo,5,69.26,14.62,70.56,16.06,-0.0046,1,0,16.41,Vancouver_Emmanuel Sabbi_Édier Ocampo,,,,,
connection,Vancouver,Joedrick Pupe,Emmanuel Sabbi,2,52.45,80.75,67.05,97.7,0.2464,0,0,22.5,Vancouver_Joedrick Pupe_Emmanuel Sabbi,,,,,
connection,Vancouver,Joedrick Pupe,Kenji Cabrera,1,58.0,92.7,66.8,98.4,0.084,0,0,10.48,Vancouver_Joedrick Pupe_Kenji Cabrera,,,,,
connection,Vancouver,Joedrick Pupe,Mathías Laborda,5,39.22,75.56,51.36,96.82,0.3695,0,0,24.89,Vancouver_Joedrick Pupe_Mathías Laborda,,,,,
connection,Vancouver,Joedrick Pupe,Ryan Gauld,1,39.7,68.2,46.0,92.9,0.2558,0,0,25.49,Vancouver_Joedrick Pupe_Ryan Gauld,,,,,
connection,Vancouver,Joedrick Pupe,Sebastian Berhalter,4,44.92,76.15,48.18,65.15,0.0091,0,0,16.55,Vancouver_Joedrick Pupe_Sebastian Berhalter,,,,,
connection,Vancouver,Joedrick Pupe,Thomas Müller,2,56.3,69.8,50.65,33.7,-0.2153,0,0,36.61,Vancouver_Joedrick Pupe_Thomas Müller,,,,,
connection,Vancouver,Joedrick Pupe,Tristan Blackmon,2,42.9,62.8,45.45,31.25,-0.1127,0,0,31.66,Vancouver_Joedrick Pupe_Tristan Blackmon,,,,,
connection,Vancouver,Joedrick Pupe,Yohei Takaoka,1,18.3,53.7,13.4,37.3,-0.0223,0,0,17.12,Vancouver_Joedrick Pupe_Yohei Takaoka,,,,,
connection,Vancouver,Kenji Cabrera,Sebastian Berhalter,2,70.7,90.3,65.4,71.55,-0.1825,0,0,19.57,Vancouver_Kenji Cabrera_Sebastian Berhalter,,,,,
connection,Vancouver,Mathías Laborda,Ali Ahmed,12,54.05,87.77,66.16,96.12,0.0979,0,0,16.54,Vancouver_Mathías Laborda_Ali Ahmed,,,,,
connection,Vancouver,Mathías Laborda,Andrés Cubas,13,50.49,90.82,49.24,74.54,-0.1468,0,0,16.91,Vancouver_Mathías Laborda_Andrés Cubas,,,,,
connection,Vancouver,Mathías Laborda,Brian White,1,36.6,70.0,51.5,47.5,-0.0222,1,0,26.99,Vancouver_Mathías Laborda_Brian White,,,,,
connection,Vancouver,Mathías Laborda,Emmanuel Sabbi,1,67.6,88.1,74.3,97.8,-0.0088,0,0,11.79,Vancouver_Mathías Laborda_Emmanuel Sabbi,,,,,
connection,Vancouver,Mathías Laborda,Joedrick Pupe,6,35.55,72.15,36.38,73.3,-0.0104,0,0,23.69,Vancouver_Mathías Laborda_Joedrick Pupe,,,,,
connection,Vancouver,Mathías Laborda,Ralph Priso,3,47.4,93.67,35.5,82.73,-0.2128,0,0,16.36,Vancouver_Mathías Laborda_Ralph Priso,,,,,
connection,Vancouver,Mathías Laborda,Ryan Gauld,3,41.1,85.83,54.0,90.83,-0.0071,2,0,23.17,Vancouver_Mathías Laborda_Ryan Gauld,,,,,
connection,Vancouver,Mathías Laborda,Sebastian Berhalter,7,47.33,91.79,46.37,72.46,-0.2163,2,0,22.45,Vancouver_Mathías Laborda_Sebastian Berhalter,,,,,
connection,Vancouver,Mathías Laborda,Thomas Müller,7,43.21,92.07,54.77,91.57,0.0974,1,0,16.89,Vancouver_Mathías Laborda_Thomas Müller,,,,,
connection,Vancouver,Mathías Laborda,Tristan Blackmon,1,44.9,77.8,38.0,43.1,-0.1972,0,0,35.38,Vancouver_Mathías Laborda_Tristan Blackmon,,,,,
connection,Vancouver,Mathías Laborda,Yohei Takaoka,1,42.2,94.8,43.0,88.3,-0.061,0,0,6.55,Vancouver_Mathías Laborda_Yohei Takaoka,,,,,
connection,Vancouver,Ralph Priso,Ali Ahmed,2,49.95,81.65,55.0,97.95,0.2849,0,0,17.07,Vancouver_Ralph Priso_Ali Ahmed,,,,,
connection,Vancouver,Ralph Priso,Andrés Cubas,2,40.65,68.95,42.9,66.6,0.0019,0,0,3.75,Vancouver_Ralph Priso_Andrés Cubas,,,,,
connection,Vancouver,Ralph Priso,Emmanuel Sabbi,1,44.8,78.2,58.3,1.7,-0.2378,0,0,77.68,Vancouver_Ralph Priso_Emmanuel Sabbi,,,,,
connection,Vancouver,Ralph Priso,Mathías Laborda,3,39.4,72.93,41.53,90.0,0.1329,0,0,18.29,Vancouver_Ralph Priso_Mathías Laborda,,,,,
connection,Vancouver,Ralph Priso,Sebastian Berhalter,3,53.7,50.97,59.3,42.57,-0.03,1,0,14.29,Vancouver_Ralph Priso_Sebastian Berhalter,,,,,
connection,Vancouver,Ralph Priso,Thomas Müller,4,51.72,76.12,63.25,81.45,0.0156,2,0,20.54,Vancouver_Ralph Priso_Thomas Müller,,,,,
connection,Vancouver,Ralph Priso,Tristan Blackmon,11,41.43,59.92,41.02,32.86,-0.0916,0,0,27.4,Vancouver_Ralph Priso_Tristan Blackmon,,,,,
connection,Vancouver,Ralph Priso,Yohei Takaoka,10,26.14,70.55,18.81,49.79,-0.0819,0,0,27.42,Vancouver_Ralph Priso_Yohei Takaoka,,,,,
connection,Vancouver,Ryan Gauld,Mathías Laborda,2,48.15,93.55,41.4,84.3,-0.1721,0,0,13.84,Vancouver_Ryan Gauld_Mathías Laborda,,,,,
connection,Vancouver,Ryan Gauld,Sebastian Berhalter,2,56.0,27.75,53.7,33.45,-0.0311,0,0,19.94,Vancouver_Ryan Gauld_Sebastian Berhalter,,,,,
connection,Vancouver,Ryan Gauld,Thomas Müller,2,69.05,71.7,67.5,59.85,-0.0917,0,0,12.38,Vancouver_Ryan Gauld_Thomas Müller,,,,,
connection,Vancouver,Ryan Gauld,Tristan Blackmon,1,62.2,38.5,47.1,36.6,-0.0365,0,0,15.22,Vancouver_Ryan Gauld_Tristan Blackmon,,,,,
connection,Vancouver,Sebastian Berhalter,Ali Ahmed,4,71.12,46.9,73.52,59.18,0.0725,2,1,22.01,Vancouver_Sebastian Berhalter_Ali Ahmed,,,,,
connection,Vancouver,Sebastian Berhalter,Andrés Cubas,9,44.48,49.5,44.26,57.18,0.0256,0,0,15.82,Vancouver_Sebastian Berhalter_Andrés Cubas,,,,,
connection,Vancouver,Sebastian Berhalter,Brian White,3,64.33,60.57,85.13,51.43,-0.1264,3,2,33.27,Vancouver_Sebastian Berhalter_Brian White,,,,,
connection,Vancouver,Sebastian Berhalter,Emmanuel Sabbi,2,68.55,45.65,73.3,60.35,0.0709,0,0,19.65,Vancouver_Sebastian Berhalter_Emmanuel Sabbi,,,,,
connection,Vancouver,Sebastian Berhalter,Jayden Nelson,2,46.35,37.45,77.05,90.5,0.2904,2,0,61.3,Vancouver_Sebastian Berhalter_Jayden Nelson,,,,,
connection,Vancouver,Sebastian Berhalter,Joedrick Pupe,1,43.6,55.2,52.2,90.9,0.3728,0,0,36.72,Vancouver_Sebastian Berhalter_Joedrick Pupe,,,,,
connection,Vancouver,Sebastian Berhalter,Kenji Cabrera,1,71.7,73.9,77.4,97.7,0.1637,0,0,24.47,Vancouver_Sebastian Berhalter_Kenji Cabrera,,,,,
connection,Vancouver,Sebastian Berhalter,Mathías Laborda,6,52.9,49.52,56.57,77.63,0.1588,1,1,30.03,Vancouver_Sebastian Berhalter_Mathías Laborda,,,,,
connection,Vancouver,Sebastian Berhalter,Ralph Priso,2,56.45,45.65,47.15,50.85,-0.036,0,0,13.35,Vancouver_Sebastian Berhalter_Ralph Priso,,,,,
connection,Vancouver,Sebastian Berhalter,Thomas Müller,3,53.9,59.73,65.6,64.3,0.1375,0,0,22.93,Vancouver_Sebastian Berhalter_Thomas Müller,,,,,
connection,Vancouver,Sebastian Berhalter,Tristan Blackmon,9,51.39,48.98,44.8,40.42,-0.0944,0,0,21.52,Vancouver_Sebastian Berhalter_Tristan Blackmon,,,,,
connection,Vancouver,Sebastian Berhalter,Édier Ocampo,7,55.07,23.76,58.33,5.9,-0.0255,0,0,19.78,Vancouver_Sebastian Berhalter_Édier Ocampo,,,,,
connection,Vancouver,Thomas Müller,Ali Ahmed,7,68.03,91.91,71.5,93.9,-0.0202,0,0,7.63,Vancouver_Thomas Müller_Ali Ahmed,,,,,
connection,Vancouver,Thomas Müller,Andrés Cubas,4,64.18,66.3,57.3,65.05,-0.0216,0,0,7.66,Vancouver_Thomas Müller_Andrés Cubas,,,,,
connection,Vancouver,Thomas Müller,Brian White,3,72.1,66.8,78.03,61.53,-0.0765,1,0,12.98,Vancouver_Thomas Müller_Brian White,,,,,
connection,Vancouver,Thomas Müller,Emmanuel Sabbi,2,84.0,64.35,95.55,67.65,-0.0249,0,0,24.56,Vancouver_Thomas Müller_Emmanuel Sabbi,,,,,
connection,Vancouver,Thomas Müller,Joedrick Pupe,1,42.3,61.5,35.2,82.0,0.0588,0,0,21.69,Vancouver_Thomas Müller_Joedrick Pupe,,,,,
connection,Vancouver,Thomas Müller,Mathías Laborda,1,42.5,77.3,41.0,97.8,0.1681,0,0,20.55,Vancouver_Thomas Müller_Mathías Laborda,,,,,
connection,Vancouver,Thomas Müller,Ryan Gauld,5,55.48,68.14,58.44,67.02,0.0105,1,0,11.19,Vancouver_Thomas Müller_Ryan Gauld,,,,,
connection,Vancouver,Thomas Müller,Sebastian Berhalter,3,68.63,16.57,65.77,21.83,0.008,0,0,13.81,Vancouver_Thomas Müller_Sebastian Berhalter,,,,,
connection,Vancouver,Thomas Müller,Tristan Blackmon,6,59.57,34.52,54.63,35.9,-0.0188,0,0,21.98,Vancouver_Thomas Müller_Tristan Blackmon,,,,,
connection,Vancouver,Thomas Müller,Édier Ocampo,2,45.05,22.8,42.55,19.65,-0.0178,0,0,14.4,Vancouver_Thomas Müller_Édier Ocampo,,,,,
connection,Vancouver,Tristan Blackmon,Andrés Cubas,15,41.79,28.43,44.81,41.47,0.0335,0,0,14.2,Vancouver_Tristan Blackmon_Andrés Cubas,,,,,
connection,Vancouver,Tristan Blackmon,Brian White,2,48.55,31.7,73.75,45.6,0.0317,2,0,29.1,Vancouver_Tristan Blackmon_Brian White,,,,,
connection,Vancouver,Tristan Blackmon,Emmanuel Sabbi,5,52.88,22.94,68.04,17.56,-0.0052,2,0,25.3,Vancouver_Tristan Blackmon_Emmanuel Sabbi,,,,,
connection,Vancouver,Tristan Blackmon,Joedrick Pupe,5,43.64,39.94,43.02,65.26,0.1026,0,0,25.55,Vancouver_Tristan Blackmon_Joedrick Pupe,,,,,
connection,Vancouver,Tristan Blackmon,Mathías Laborda,2,33.95,33.35,39.15,83.4,0.2395,0,0,50.34,Vancouver_Tristan Blackmon_Mathías Laborda,,,,,
connection,Vancouver,Tristan Blackmon,Ralph Priso,4,47.15,40.2,45.03,51.82,0.0339,0,0,11.85,Vancouver_Tristan Blackmon_Ralph Priso,,,,,
connection,Vancouver,Tristan Blackmon,Sebastian Berhalter,10,36.67,42.3,42.89,47.24,0.0355,0,0,12.12,Vancouver_Tristan Blackmon_Sebastian Berhalter,,,,,
connection,Vancouver,Tristan Blackmon,Thomas Müller,5,49.4,38.38,61.64,41.08,0.0249,2,1,24.02,Vancouver_Tristan Blackmon_Thomas Müller,,,,,
connection,Vancouver,Tristan Blackmon,Yohei Takaoka,8,23.46,25.21,14.94,47.92,0.0097,0,0,24.63,Vancouver_Tristan Blackmon_Yohei Takaoka,,,,,
connection,Vancouver,Tristan Blackmon,Édier Ocampo,13,43.52,32.52,48.27,12.05,-0.0318,0,0,22.02,Vancouver_Tristan Blackmon_Édier Ocampo,,,,,
connection,Vancouver,Yohei Takaoka,Andrés Cubas,2,15.5,51.2,30.25,53.0,0.0376,0,0,18.74,Vancouver_Yohei Takaoka_Andrés Cubas,,,,,
connection,Vancouver,Yohei Takaoka,Joedrick Pupe,2,17.2,48.8,25.4,82.1,0.1132,0,0,34.39,Vancouver_Yohei Takaoka_Joedrick Pupe,,,,,
connection,Vancouver,Yohei Takaoka,Mathías Laborda,4,12.88,60.42,31.5,76.78,0.1572,1,0,40.05,Vancouver_Yohei Takaoka_Mathías Laborda,,,,,
connection,Vancouver,Yohei Takaoka,Ralph Priso,8,15.51,49.81,23.46,75.08,0.0851,0,0,26.6,Vancouver_Yohei Takaoka_Ralph Priso,,,,,
connection,Vancouver,Yohei Takaoka,Sebastian Berhalter,4,29.1,50.75,35.8,41.2,-0.0122,0,0,13.86,Vancouver_Yohei Takaoka_Sebastian Berhalter,,,,,
connection,Vancouver,Yohei Takaoka,Tristan Blackmon,9,21.16,46.26,25.57,29.32,-0.0115,0,0,18.05,Vancouver_Yohei Takaoka_Tristan Blackmon,,,,,
connection,Vancouver,Yohei Takaoka,Édier Ocampo,2,14.65,51.8,33.45,6.05,-0.0167,0,0,49.78,Vancouver_Yohei Takaoka_Édier Ocampo,,,,,
connection,Vancouver,Édier Ocampo,Andrés Cubas,3,57.53,15.67,51.13,34.37,0.0445,0,0,20.12,Vancouver_Édier Ocampo_Andrés Cubas,,,,,
connection,Vancouver,Édier Ocampo,Brian White,1,17.1,34.3,55.5,54.2,0.1629,1,0,43.25,Vancouver_Édier Ocampo_Brian White,,,,,
connection,Vancouver,Édier Ocampo,Emmanuel Sabbi,10,57.85,9.52,63.18,6.35,-0.0008,0,1,14.91,Vancouver_Édier Ocampo_Emmanuel Sabbi,,,,,
connection,Vancouver,Édier Ocampo,Ralph Priso,1,37.3,45.7,37.5,57.3,0.0328,0,0,11.6,Vancouver_Édier Ocampo_Ralph Priso,,,,,
connection,Vancouver,Édier Ocampo,Ryan Gauld,1,36.7,9.1,51.8,3.2,0.0078,0,0,16.21,Vancouver_Édier Ocampo_Ryan Gauld,,,,,
connection,Vancouver,Édier Ocampo,Sebastian Berhalter,3,71.77,3.8,66.33,16.77,0.0235,0,0,14.53,Vancouver_Édier Ocampo_Sebastian Berhalter,,,,,
connection,Vancouver,Édier Ocampo,Thomas Müller,4,68.95,7.72,71.97,29.9,0.0271,1,1,22.72,Vancouver_Édier Ocampo_Thomas Müller,,,,,
connection,Vancouver,Édier Ocampo,Tristan Blackmon,10,44.86,9.65,38.1,23.56,0.0102,0,0,19.15,Vancouver_Édier Ocampo_Tristan Blackmon,,,,,
connection,Vancouver,Édier Ocampo,Yohei Takaoka,2,34.95,31.55,18.65,46.2,-0.0168,0,0,23.54,Vancouver_Édier Ocampo_Yohei Takaoka,,,,,
position,Vancouver,Ali Ahmed,,0,63.71,81.41,,,0.0038,0,0,0.0,Vancouver_Ali Ahmed_position,69.0,67.0,17.98,21.29,0.2637
position,Vancouver,Andrés Cubas,,0,49.17,57.53,,,0.0508,0,0,0.0,Vancouver_Andrés Cubas_position,124.0,81.0,16.77,21.35,6.2982
position,Inter Miami,Baltasar Rodríguez,,0,49.46,65.18,,,0.0004,0,0,0.0,Inter Miami_Baltasar Rodríguez_position,37.0,55.0,22.72,29.27,0.0134
position,Vancouver,Brian White,,0,65.31,47.16,,,0.0057,0,0,0.0,Vancouver_Brian White_position,25.0,88.0,27.73,14.78,0.1418
position,Vancouver,Emmanuel Sabbi,,0,65.67,30.2,,,0.0156,0,0,0.0,Vancouver_Emmanuel Sabbi_position,52.0,89.0,20.06,27.07,0.8105
position,Inter Miami,Ian Fray,,0,38.7,10.13,,,0.009,0,0,0.0,Inter Miami_Ian Fray_position,62.0,89.0,19.03,7.05,0.5583
position,Vancouver,Jayden Nelson,,0,59.44,60.86,,,0.0,0,0,0.0,Vancouver_Jayden Nelson_position,5.0,8.0,34.35,42.04,0.0
position,Vancouver,Joedrick Pupe,,0,42.59,67.54,,,0.0891,0,0,0.0,Vancouver_Joedrick Pupe_position,33.0,26.0,17.43,25.04,2.9406
position,Inter Miami,Jordi Alba,,0,39.23,80.91,,,0.0237,0,0,0.0,Inter Miami_Jordi Alba_position,64.0,97.0,24.07,14.95,1.5195
position,Vancouver,Kenji Cabrera,,0,55.7,72.86,,,0.0,0,0,0.0,Vancouver_Kenji Cabrera_position,8.0,10.0,28.92,33.05,0.0
position,Inter Miami,Lionel Messi,,0,62.58,30.59,,,0.0069,0,0,0.0,Inter Miami_Lionel Messi_position,62.0,98.0,20.03,19.49,0.4267
position,Inter Miami,Marcelo Weigandt,,0,28.62,7.8,,,0.0047,0,0,0.0,Inter Miami_Marcelo Weigandt_position,5.0,4.0,22.56,4.4,0.0234
position,Inter Miami,Mateo Silvetti,,0,48.25,65.11,,,0.0158,0,0,0.0,Inter Miami_Mateo Silvetti_position,24.0,75.0,26.15,30.76,0.3788
position,Vancouver,Mathías Laborda,,0,48.51,81.42,,,0.0355,0,0,0.0,Vancouver_Mathías Laborda_position,111.0,91.0,18.03,19.77,3.9356
position,Inter Miami,Maximiliano Falcón,,0,32.15,31.56,,,0.0152,0,0,0.0,Inter Miami_Maximiliano Falcón_position,52.0,87.0,19.51,22.99,0.7927
position,Inter Miami,Noah Allen,,0,22.1,61.71,,,0.0295,0,0,0.0,Inter Miami_Noah Allen_position,54.0,95.0,13.98,20.95,1.5912
position,Vancouver,Ralph Priso,,0,36.31,65.61,,,0.0238,0,0,0.0,Vancouver_Ralph Priso_position,76.0,67.0,16.17,20.28,1.8074
position,Inter Miami,Rocco Ríos Novo,,0,7.75,48.4,,,0.0219,0,0,0.0,Inter Miami_Rocco Ríos Novo_position,60.0,95.0,5.04,15.08,1.3118
position,Inter Miami,Rodrigo De Paul,,0,43.42,32.31,,,0.0251,0,0,0.0,Inter Miami_Rodrigo De Paul_position,70.0,94.0,19.33,22.49,1.759
position,Vancouver,Ryan Gauld,,0,49.97,58.58,,,0.0021,0,0,0.0,Vancouver_Ryan Gauld_position,19.0,26.0,20.49,33.42,0.0397
position,Vancouver,Sebastian Berhalter,,0,53.72,50.01,,,0.0336,0,0,0.0,Vancouver_Sebastian Berhalter_position,110.0,98.0,19.66,27.16,3.6972
position,Inter Miami,Sergio Busquets,,0,37.97,53.26,,,0.0281,0,0,0.0,Inter Miami_Sergio Busquets_position,57.0,98.0,19.98,19.53,1.604
position,Inter Miami,Tadeo Allende,,0,49.29,20.85,,,0.0015,0,0,0.0,Inter Miami_Tadeo Allende_position,46.0,94.0,24.09,13.58,0.0683
position,Inter Miami,Telasco Segovia,,0,44.28,76.22,,,0.0186,0,0,0.0,Inter Miami_Telasco Segovia_position,32.0,43.0,20.95,18.61,0.5955
position,Vancouver,Thomas Müller,,0,63.77,57.63,,,0.0179,0,0,0.0,Vancouver_Thomas Müller_position,76.0,88.0,15.65,29.29,1.3642
position,Vancouver,Tristan Blackmon,,0,42.5,34.73,,,0.0232,0,0,0.0,Vancouver_Tristan Blackmon_position,125.0,97.5,18.51,19.42,2.8981
position,Inter Miami,Yannick Bright,,0,47.17,68.32,,,0.0403,0,0,0.0,Inter Miami_Yannick Bright_position,13.0,18.0,23.2,28.71,0.5233
position,Vancouver,Yohei Takaoka,,0,19.92,52.62,,,0.0349,0,0,0.0,Vancouver_Yohei Takaoka_position,59.0,91.0,9.7,17.02,2.0574
position,Vancouver,Édier Ocampo,,0,46.39,15.13,,,0.0132,0,0,0.0,Vancouver_Édier Ocampo_position,84.0,93.0,24.13,13.86,1.1129
